,squad,gender,comp,from,to,comps,champs,other_names
0,1874 Northwich FC,M,,2017-2018,2019-2020,0,,
1,Abbey Hey FC,M,,2017-2018,2019-2020,0,,
2,Abbey Rangers FC,M,,2017-2018,2019-2020,0,,
3,Abingdon United FC,M,,2018-2019,2019-2020,0,,
4,AC London FC,M,,2017-2018,2017-2018,0,,
5,Accrington Stanley FC,M,EFL League One,2006-2007,2019-2020,14,1,
6,AFC Bournemouth,M,Premier League,2002-2003,2019-2020,18,1,
7,AFC Croydon Athletic,M,,2017-2018,2019-2020,0,,
8,AFC Darwen,M,,2017-2018,2018-2019,0,,
9,AFC Dunstable,M,,2017-2018,2019-2020,0,,
10,AFC Emley,M,,2017-2018,2017-2018,0,,
11,AFC Fylde,M,National League,2014-2015,2019-2020,3,0,
12,AFC Hayes,M,,2017-2018,2019-2020,0,,
13,AFC Hornchurch,M,,2017-2018,2019-2020,0,,
14,AFC Kempston Rovers,M,,2017-2018,2019-2020,0,,Kempston Rovers FC
15,AFC Liverpool,M,,2017-2018,2019-2020,0,,
16,AFC Mansfield,M,,2017-2018,2019-2020,0,,
17,AFC Portchester,M,,2017-2018,2019-2020,0,,
18,AFC Rushden & Diamonds,M,,2017-2018,2019-2020,0,,
19,AFC St Austell,M,,2017-2018,2019-2020,0,,AFC Saint Austell
20,AFC Stoneham,M,,2018-2019,2019-2020,0,,
21,AFC Sudbury,M,,2017-2018,2019-2020,0,,
22,AFC Telford United,M,,2011-2012,2019-2020,3,0,
23,AFC Totton,M,,2017-2018,2019-2020,0,,
24,AFC Uckfield,M,,2017-2018,2019-2020,0,, Town
25,AFC Varndeanians FC,M,,2019-2020,2019-2020,0,,
26,AFC Wimbledon,M,EFL League One,2009-2010,2019-2020,11,0,
27,AFC Wulfrunians,M,,2017-2018,2019-2020,0,,
28,Albion Sports AFC,M,,2017-2018,2019-2020,0,,
29,Aldershot Town FC,M,National League,2006-2007,2019-2020,14,1,
30,Alfreton Town FC,M,,2011-2012,2019-2020,4,0,
31,Alresford Town FC,M,,2017-2018,2019-2020,0,,
32,Alsager Town FC,M,,2017-2018,2017-2018,0,,
33,Altrincham FC,M,,2006-2007,2019-2020,7,0,
34,Alvechurch FC,M,,2017-2018,2019-2020,0,,
35,Amesbury Town FC,M,,2017-2018,2019-2020,0,,
36,Andover New Street FC,M,,2018-2019,2019-2020,0,,
37,Andover Town FC,M,,2017-2018,2018-2019,0,,
38,Anstey Nomads FC,M,,2018-2019,2019-2020,0,,
39,Ardley United FC,M,,2017-2018,2019-2020,0,,
40,Arlesey Town FC,M,,2017-2018,2019-2020,0,,
41,Armthorpe Welfare FC,M,,2017-2018,2017-2018,0,,
42,Arsenal FC,M,Premier League,1992-1993,2019-2020,28,3,
43,Arsenal FC U23,M,Premier League 2 — Division 1,2016-2017,2019-2020,4,1,
44,Arsenal WFC,F,FA Women's Super League,2017,2019-2020,4,1,Arsenal LFC
45,Arundel FC,M,,2017-2018,2019-2020,0,,
46,Ascot United FC,M,,2017-2018,2019-2020,0,,
47,Ashford Town FC,M,,2017-2018,2019-2020,0,,
48,Ashford United FC,M,,2017-2018,2019-2020,0,,
49,Ashington AFC,M,,2017-2018,2019-2020,0,,
50,Ashton Athletic FC,M,,2017-2018,2019-2020,0,,
51,Ashton United FC,M,,2017-2018,2019-2020,0,,
52,Aston Villa FC,M,Premier League,1992-1993,2019-2020,28,0,
53,Aston Villa FC U23,M,Premier League 2 — Division 2,2016-2017,2019-2020,4,,
54,Athersley Recreation FC,M,,2017-2018,2019-2020,0,,
55,Atherstone Town FC,M,,2017-2018,2019-2020,0,,
56,Atherton Collieries AFC,M,,2017-2018,2019-2020,0,,
57,Aveley FC,M,,2017-2018,2019-2020,0,,
58,Avro FC,M,,2019-2020,2019-2020,0,,
59,Aylesbury FC,M,,2017-2018,2019-2020,0,,Aylesbury Vale Dynamos FC
60,Aylesbury United FC,M,,2017-2018,2019-2020,0,,
61,Aylestone Park FC,M,,2017-2018,2017-2018,0,,
62,Badshot Lea FC,M,,2017-2018,2019-2020,0,,
63,Baffins Milton Rovers FC,M,,2018-2019,2019-2020,0,,
64,Baldock Town FC,M,,2017-2018,2019-2020,0,,
65,Balham FC,M,,2018-2019,2019-2020,0,,
66,Bamber Bridge FC,M,,2017-2018,2019-2020,0,,
67,Banbury United FC,M,,2017-2018,2019-2020,0,,
68,Banstead Athletic FC,M,,2017-2018,2019-2020,0,,
69,Barking FC,M,,2017-2018,2019-2020,0,,
70,Barkingside FC,M,,2017-2018,2019-2020,0,,
71,Barnet FC,M,National League,2005-2006,2019-2020,15,1,
72,Barnoldswick Town FC,M,,2017-2018,2019-2020,0,,
73,Barnsley FC,M,EFL Championship,1997-1998,2019-2020,20,0,
74,Barnstaple Town FC,M,,2017-2018,2019-2020,0,,
75,Barnton FC,M,,2017-2018,2018-2019,0,,
76,Barrow AFC,M,National League,2008-2009,2019-2020,10,0,
77,Barton Rovers FC,M,,2017-2018,2019-2020,0,,
78,Barton Town Old Boys FC,M,,2017-2018,2019-2020,0,,Barton Town FC
79,Barwell FC,M,,2015-2016,2019-2020,0,0,
80,Basford United FC,M,,2017-2018,2019-2020,0,,
81,Bashley FC,M,,2017-2018,2019-2020,0,,
82,Basildon United FC,M,,2017-2018,2019-2020,0,,
83,Basingstoke Town FC,M,,2014-2015,2019-2020,0,0,
84,Bath City FC,M,,2010-2011,2019-2020,2,0,
85,Beaconsfield SYCOB FC,M,,2016-2017,2019-2020,0,,Beaconsfield Town FC
86,Bearsted FC,M,,2017-2018,2019-2020,0,,
87,Beckenham Town FC,M,,2017-2018,2019-2020,0,,
88,Bedfont & Feltham FC,M,,2017-2018,2017-2018,0,,
89,Bedfont Sports FC,M,,2017-2018,2019-2020,0,,
90,Bedford Town FC,M,,2017-2018,2019-2020,0,,
91,Bedworth United FC,M,,2017-2018,2019-2020,0,,
92,Belper Town FC,M,,2017-2018,2019-2020,0,,
93,Belper United FC,M,,2018-2019,2018-2019,0,,
94,Bemerton Heath Harlequins FC,M,,2017-2018,2019-2020,0,,
95,Berkhamsted FC,M,,2017-2018,2019-2020,0,,
96,Bewdley Town FC,M,,2017-2018,2017-2018,0,,
97,Bexhill United FC,M,,2019-2020,2019-2020,0,,
98,Bideford AFC,M,,2017-2018,2019-2020,0,,
99,Biggleswade FC,M,,2017-2018,2019-2020,0,,
100,Biggleswade Town FC,M,,2017-2018,2019-2020,0,,
101,Biggleswade United FC,M,,2017-2018,2019-2020,0,,
102,Billericay Town FC,M,,2016-2017,2019-2020,0,0,
103,Billingham Synthonia FC,M,,2017-2018,2018-2019,0,,
104,Billingham Town FC,M,,2017-2018,2019-2020,0,,
105,Binfield FC,M,,2017-2018,2019-2020,0,,
106,Birmingham City FC,M,EFL Championship,2001-2002,2019-2020,19,0,
107,Birmingham City WFC,F,FA Women's Super League,2017,2019-2020,4,,Birmingham City LFC
108,Birstall United FC,M,,2017-2018,2017-2018,0,,
109,Bishop Auckland FC,M,,2016-2017,2019-2020,0,,
110,Bishop's Cleeve FC,M,,2017-2018,2019-2020,0,,Bishops Cleeve AFC
111,Bishop's Stortford FC,M,,2017-2018,2019-2020,0,,
112,Bitton AFC,M,,2017-2018,2019-2020,0,,
113,Blaby & Whetstone Athletic FC,M,,2017-2018,2017-2018,0,,
114,Blackburn Rovers FC,M,EFL Championship,1992-1993,2019-2020,26,1,
115,Blackburn Rovers FC U23,M,Premier League 2 — Division 1,2016-2017,2019-2020,4,1,
116,Blackfield & Langley FC,M,,2017-2018,2019-2020,0,,
117,Blackpool FC,M,EFL League One,2002-2003,2019-2020,18,0,
118,Blyth Spartans AFC,M,,2014-2015,2019-2020,0,0,
119,Blyth Town FC,M,,2018-2019,2018-2019,0,,
120,Bodmin Town FC,M,,2017-2018,2018-2019,0,,
121,Bognor Regis Town FC,M,,2017-2018,2019-2020,0,,
122,Boldmere St. Michaels FC,M,,2017-2018,2019-2020,0,,
123,Bolton Wanderers FC,M,EFL League One,1995-1996,2019-2020,21,0,
124,Bootle FC,M,,2017-2018,2019-2020,0,,
125,Boreham Wood FC,M,National League,2015-2016,2019-2020,5,0,
126,Boston Town FC,M,,2017-2018,2019-2020,0,,
127,Boston United FC,M,,2002-2003,2019-2020,5,0,
128,Bottesford Town FC,M,,2017-2018,2019-2020,0,,
129,Bournemouth FC,M,,2017-2018,2019-2020,0,,
130,Bowers & Pitsea FC,M,,2017-2018,2019-2020,0,,
131,Brackley Town FC,M,,2015-2016,2019-2020,0,0,
132,Brackley Town Saints FC,M,,2018-2019,2019-2020,0,,
133,Bracknell Town FC,M,,2017-2018,2019-2020,0,,
134,Bradford City AFC,M,EFL League Two,1999-2000,2019-2020,21,0,
135,Bradford Park Avenue AFC,M,,2017-2018,2019-2020,0,,Bradford Park Avenue FC
136,Bradford Town FC,M,,2017-2018,2019-2020,0,,
137,Braintree Town FC,M,,2011-2012,2019-2020,7,0,
138,Brantham Athletic FC,M,,2017-2018,2019-2020,0,,
139,Brentford FC,M,EFL Championship,2002-2003,2019-2020,18,1,
140,Brentwood Town FC,M,,2017-2018,2019-2020,0,,
141,Bridgwater Town FC,M,,2017-2018,2019-2020,0,,
142,Bridlington Town AFC,M,,2017-2018,2019-2020,0,,
143,Bridon Ropes FC,M,,2019-2020,2019-2020,0,,
144,Bridport FC,M,,2017-2018,2019-2020,0,,
145,Brighouse Town FC,M,,2017-2018,2019-2020,0,,
146,Brightlingsea Regent FC,M,,2017-2018,2019-2020,0,,
147,Brighton & Hove Albion FC,M,Premier League,2002-2003,2019-2020,18,1,
148,Brighton & Hove Albion FC U23,M,Premier League 2 — Division 1,2016-2017,2019-2020,4,,
149,Brighton & Hove Albion WFC,F,FA Women's Super League,2018-2019,2019-2020,2,,
150,Brimscombe & Thrupp FC,M,,2017-2018,2019-2020,0,,
151,Brislington FC,M,,2017-2018,2019-2020,0,,
152,Bristol City FC,M,EFL Championship,2002-2003,2019-2020,18,1,
153,Bristol City WFC,F,FA Women's Super League,2014-2015,2019-2020,4,0,
154,Bristol Manor Farm FC,M,,2017-2018,2019-2020,0,,
155,Bristol Rovers FC,M,EFL League One,2002-2003,2019-2020,18,0,
156,Broadbridge Heath FC,M,,2017-2018,2019-2020,0,,
157,Broadfields United FC,M,,2018-2019,2019-2020,0,,
158,Brockenhurst FC,M,,2017-2018,2019-2020,0,,
159,Brocton FC,M,,2017-2018,2017-2018,0,,
160,Bromley FC,M,National League,2014-2015,2019-2020,5,0,
161,Bromsgrove Sporting FC,M,,2017-2018,2019-2020,0,,
162,Broxbourne Borough FC,M,,2017-2018,2017-2018,0,,Broxbourne Borough V&E FC
163,Buckingham Town FC,M,,2017-2018,2017-2018,0,,
164,Buckland Athletic FC,M,,2017-2018,2019-2020,0,,
165,Bugbrooke St Michaels FC,M,,2019-2020,2019-2020,0,,Bugbrooke St. Michaels FC
166,Burgess Hill Town FC,M,,2016-2017,2019-2020,0,,
167,Burnham FC,M,,2017-2018,2019-2020,0,,
168,Burnham Ramblers FC,M,,2017-2018,2018-2019,0,,
169,Burnley FC,M,Premier League,2001-2002,2019-2020,19,1,
170,Burscough FC,M,,2017-2018,2019-2020,0,,
171,Burton Albion FC,M,EFL League One,2006-2007,2019-2020,14,2,
172,Bury FC,M,EFL League One,2002-2003,2019-2020,18,0,
173,Bury Town FC,M,,2017-2018,2019-2020,0,,
174,Buxton FC,M,,2017-2018,2019-2020,0,,
175,Cadbury Athletic FC,M,,2017-2018,2017-2018,0,,
176,Cadbury Heath FC,M,,2017-2018,2019-2020,0,,
177,Camberley Town FC,M,,2017-2018,2019-2020,0,,
178,Cambridge City FC,M,,2017-2018,2019-2020,0,,
179,Cambridge United FC,M,EFL League Two,2002-2003,2019-2020,17,0,
180,Cammell Laird 1907 FC,M,,2017-2018,2017-2018,0,,Cammell Laird FC
181,Campion AFC,M,,2019-2020,2019-2020,0,,
182,Canterbury City FC,M,,2017-2018,2019-2020,0,,
183,Canvey Island FC,M,,2017-2018,2019-2020,0,,
184,Cardiff City FC,M,EFL Championship,2002-2003,2019-2020,18,1,
185,Carlisle United FC,M,EFL League Two,2002-2003,2019-2020,17,1,
186,Carlton Town FC,M,,2017-2018,2019-2020,0,,
187,Carshalton Athletic FC,M,,2017-2018,2019-2020,0,0,
188,CB Hounslow United FC,M,,2017-2018,2019-2020,0,,
189,Chalfont St Peter AFC,M,,2017-2018,2019-2020,0,,Chalfont St. Peter AFC
190,Charlton Athletic FC,M,EFL Championship,1998-1999,2019-2020,21,1,
191,Charnock Richard FC,M,,2017-2018,2019-2020,0,,
192,Chasetown FC,M,,2017-2018,2019-2020,0,,
193,Chatham Town FC,M,,2017-2018,2019-2020,0,,
194,Cheddar AFC,M,,2017-2018,2019-2020,0,,
195,Chelmsford City FC,M,,2017-2018,2019-2020,0,0,
196,Chelsea FC,M,Premier League,1992-1993,2019-2020,28,5,
197,Chelsea FC U23,M,Premier League 2 — Division 1,2016-2017,2019-2020,4,,
198,Chelsea FC Women,F,FA Women's Super League,2015-2016,2019-2020,4,2,Chelsea LFC
199,Cheltenham Saracens FC,M,,2019-2020,2019-2020,0,,
200,Cheltenham Town FC,M,EFL League Two,2002-2003,2019-2020,18,1,
201,Chertsey Town FC,M,,2017-2018,2019-2020,0,,
202,Chesham United FC,M,,2015-2016,2019-2020,0,0,
203,Cheshunt FC,M,,2017-2018,2019-2020,0,,
204,Chessington & Hook United FC,M,,2017-2018,2017-2018,0,,
205,Chester City FC,M,,2004-2005,2008-2009,5,0,
206,Chester FC,M,,2013-2014,2019-2020,5,0,
207,Chester-le-Street Town FC,M,,2017-2018,2017-2018,0,,
208,Chesterfield FC,M,National League,2002-2003,2019-2020,18,2,
209,Chichester City FC,M,,2017-2018,2019-2020,0,0,
210,Chippenham Town FC,M,,2017-2018,2019-2020,0,0,
211,Chipping Sodbury Town FC,M,,2017-2018,2019-2020,0,,
212,Chipstead FC,M,,2017-2018,2019-2020,0,,
213,Chorley FC,M,National League,2017-2018,2019-2020,1,0,
214,Christchurch FC,M,,2017-2018,2019-2020,0,,
215,Cinderford Town AFC,M,,2017-2018,2019-2020,0,,
216,Cirencester Town FC,M,,2017-2018,2019-2020,0,,
217,City of Liverpool FC,M,,2017-2018,2019-2020,0,,
218,Clanfield FC,M,,2019-2020,2019-2020,0,,Clanfield 85 FC
219,Clapton FC,M,,2017-2018,2019-2020,0,,
220,Cleethorpes Town FC,M,,2017-2018,2019-2020,0,,
221,Clevedon Town FC,M,,2017-2018,2019-2020,0,,
222,Clipstone FC,M,,2017-2018,2018-2019,0,,
223,Clitheroe FC,M,,2017-2018,2019-2020,0,,
224,Coalville Town FC,M,,2017-2018,2019-2020,0,,
225,Cobham FC,M,,2018-2019,2019-2020,0,,
226,Cockfosters FC,M,,2017-2018,2019-2020,0,,
227,Cogenhoe United FC,M,,2017-2018,2018-2019,0,,
228,Coggeshall Town FC,M,,2018-2019,2019-2020,0,,
229,Coggeshall United FC,M,,2019-2020,2019-2020,0,,
230,Colchester United FC,M,EFL League Two,2002-2003,2019-2020,18,0,
231,Coleshill Town FC,M,,2017-2018,2019-2020,0,,
232,Colliers Wood United FC,M,,2017-2018,2019-2020,0,,
233,Colne FC,M,,2017-2018,2019-2020,0,,
234,Colney Heath FC,M,,2017-2018,2019-2020,0,,
235,Colwyn Bay FC,M,,2017-2018,2018-2019,0,,
236,Concord Rangers FC,M,,2014-2015,2019-2020,0,0,
237,Congleton Town FC,M,,2017-2018,2019-2020,0,,
238,Consett AFC,M,,2017-2018,2019-2020,0,,
239,Corby Town FC,M,,2017-2018,2019-2020,0,,
240,Corinthian FC,M,,2017-2018,2019-2020,0,,
241,Corinthian-Casuals FC,M,,2017-2018,2019-2020,0,,Corinthian Casuals FC
242,Coventry City FC,M,EFL League One,1992-1993,2019-2020,28,0,
243,Coventry Sphinx FC,M,,2017-2018,2019-2020,0,,
244,Coventry United FC,M,,2017-2018,2019-2020,0,,
245,Cowes Sports FC,M,,2017-2018,2019-2020,0,,
246,Crawley Down Gatwick FC,M,,2017-2018,2019-2020,0,,
247,Crawley Green FC,M,,2017-2018,2019-2020,0,,Crawley Green Sports SC
248,Crawley Town FC,M,EFL League Two,2006-2007,2019-2020,14,1,
249,Cray Valley Paper Mills FC,M,,2017-2018,2019-2020,0,,
250,Cray Wanderers FC,M,,2017-2018,2019-2020,0,,
251,Crewe Alexandra FC,M,EFL League Two,2001-2002,2019-2020,19,0,
252,Cribbs FC,M,,2017-2018,2019-2020,0,,
253,Crowborough Athletic FC,M,,2017-2018,2019-2020,0,,
254,Croydon FC,M,,2017-2018,2019-2020,0,,
255,Crystal Palace FC,M,Premier League,1992-1993,2019-2020,22,0,
256,Curzon Ashton FC,M,,2016-2017,2019-2020,0,0,
257,Dagenham & Redbridge FC,M,National League,2006-2007,2019-2020,14,1,
258,Darlington FC,M,,2002-2003,2019-2020,10,0,
259,Dartford FC,M,,2012-2013,2019-2020,3,0,
260,Daventry Town FC,M,,2017-2018,2019-2020,0,,
261,Deal Town FC,M,,2017-2018,2019-2020,0,,
262,Deeping Rangers FC,M,,2017-2018,2019-2020,0,,
263,Derby County FC,M,EFL Championship,1996-1997,2019-2020,24,0,
264,Derby County FC U23,M,Premier League 2 — Division 1,2016-2017,2019-2020,4,,
265,Dereham Town FC,M,,2017-2018,2019-2020,0,,
266,Desborough Town FC,M,,2017-2018,2019-2020,0,,
267,Didcot Town FC,M,,2015-2016,2019-2020,0,0,
268,Diss Town FC,M,,2017-2018,2017-2018,0,,
269,Doncaster Rovers FC,M,EFL League One,2003-2004,2019-2020,17,2,
270,Dorchester Town FC,M,,2017-2018,2019-2020,0,,
271,Dorking Wanderers FC,M,,2017-2018,2019-2020,0,,
272,Dover Athletic FC,M,National League,2014-2015,2019-2020,6,0,
273,Droylsden FC,M,,2007-2008,2019-2020,1,0,
274,Dulwich Hamlet FC,M,,2017-2018,2019-2020,0,0,
275,Dunkirk FC,M,,2017-2018,2019-2020,0,,
276,Dunstable Town FC,M,,2017-2018,2019-2020,0,,
277,Dunston UTS FC,M,,2017-2018,2019-2020,0,,
278,Easington Sports FC,M,,2018-2019,2019-2020,0,,
279,East Grinstead Town FC,M,,2017-2018,2019-2020,0,,
280,East Preston FC,M,,2017-2018,2019-2020,0,,
281,East Thurrock United FC,M,,2014-2015,2019-2020,0,0,
282,Eastbourne Borough FC,M,,2008-2009,2019-2020,3,0,
283,Eastbourne Town FC,M,,2017-2018,2019-2020,0,,
284,Eastbourne United Association FC,M,,2017-2018,2019-2020,0,,Eastbourne United AFC
285,Eastleigh FC,M,National League,2014-2015,2019-2020,6,0,
286,Ebbsfleet United FC,M,National League,2006-2007,2019-2020,9,0,
287,Eccleshill United FC,M,,2018-2019,2019-2020,0,,
288,Edgware Town FC,M,,2017-2018,2019-2020,0,,
289,Egham Town FC,M,,2016-2017,2019-2020,0,,
290,Ellesmere Rangers FC,M,,2018-2019,2018-2019,0,,
291,Ely City FC,M,,2017-2018,2019-2020,0,,
292,Enfield FC,M,,2017-2018,2019-2020,0,,Enfield 1893 FC
293,Enfield Town FC,M,,2017-2018,2019-2020,0,,
294,Epsom & Ewell FC,M,,2017-2018,2018-2019,0,,
295,Erith & Belvedere FC,M,,2017-2018,2019-2020,0,,
296,Erith Town FC,M,,2017-2018,2019-2020,0,,
297,Eversley & California FC,M,,2017-2018,2017-2018,0,,
298,Everton FC,M,Premier League,1992-1993,2019-2020,28,0,
299,Everton FC U23,M,Premier League 2 — Division 1,2016-2017,2019-2020,4,2,
300,Everton LFC,F,FA Women's Super League,2017-2018,2019-2020,3,,
301,Evesham United FC,M,,2017-2018,2019-2020,0,,
302,Exeter City FC,M,EFL League Two,2002-2003,2019-2020,15,0,
303,Exmouth Town FC,M,,2017-2018,2019-2020,0,,
304,Eynesbury Rovers FC,M,,2017-2018,2019-2020,0,,
305,Fairford Town FC,M,,2017-2018,2019-2020,0,,
306,Fakenham Town FC,M,,2017-2018,2019-2020,0,,
307,Fareham Town FC,M,,2017-2018,2019-2020,0,,
308,Farnborough FC,M,,2017-2018,2019-2020,0,,
309,Farnham Town FC,M,,2017-2018,2019-2020,0,,
310,Farsley AFC,M,,2017-2018,2019-2020,0,,Farsley Celtic FC
311,Farsley Celtic AFC,M,,2007-2008,2007-2008,1,0,
312,Faversham Town FC,M,,2017-2018,2019-2020,0,,
313,Fawley AFC,M,,2017-2018,2017-2018,0,,
314,FC Clacton,M,,2017-2018,2019-2020,0,,
315,FC Halifax Town,M,National League,2013-2014,2019-2020,6,0,
316,FC Romania,M,,2017-2018,2019-2020,0,,
317,FC United of Manchester,M,,2015-2016,2019-2020,0,0,
318,Felixstowe & Walton United FC,M,,2017-2018,2019-2020,0,,
319,Fisher FC,M,,2018-2019,2019-2020,0,,
320,Flackwell Heath FC,M,,2017-2018,2019-2020,0,,
321,Fleet Town FC,M,,2017-2018,2019-2020,0,,
322,Fleetwood Town FC,M,EFL League One,2010-2011,2019-2020,10,1,
323,Folkestone Invicta FC,M,,2017-2018,2019-2020,0,,
324,Forest Green Rovers FC,M,EFL League Two,2006-2007,2019-2020,14,0,
325,Framlingham Town FC,M,,2017-2018,2019-2020,0,,
326,Frickley Athletic FC,M,,2017-2018,2019-2020,0,,
327,Frimley Green FC,M,,2018-2019,2019-2020,0,,
328,Frome Town FC,M,,2017-2018,2019-2020,0,,
329,Fulham FC,M,EFL Championship,2001-2002,2019-2020,19,0,
330,Fulham FC U23,M,Premier League 2 — Division 2,2016-2017,2019-2020,4,,
331,Gainsborough Trinity FC,M,,2015-2016,2019-2020,0,0,
332,Garforth Town AFC,M,,2017-2018,2019-2020,0,,
333,Gateshead FC,M,,2009-2010,2019-2020,10,0,
334,Gillingham FC,M,EFL League One,2001-2002,2019-2020,19,1,
335,Glasshoughton Welfare AFC,M,,2018-2019,2018-2019,0,,
336,Glebe FC,M,,2017-2018,2019-2020,0,,
337,Glossop North End AFC,M,,2017-2018,2019-2020,0,,
338,Gloucester City AFC,M,,2017-2018,2019-2020,0,,
339,Godalming Town FC,M,,2017-2018,2018-2019,0,,
340,Godmanchester Rovers FC,M,,2017-2018,2019-2020,0,,
341,Goole AFC,M,,2017-2018,2019-2020,0,,
342,Gorleston FC,M,,2017-2018,2019-2020,0,,
343,Gosport Borough FC,M,,2014-2015,2019-2020,0,0,
344,Grantham Town FC,M,,2017-2018,2019-2020,0,,
345,Grays Athletic FC,M,,2006-2007,2019-2020,4,0,
346,Great Wakering Rovers FC,M,,2017-2018,2019-2020,0,,
347,Great Yarmouth Town FC,M,,2017-2018,2019-2020,0,,
348,Greenwich Borough FC,M,,2017-2018,2019-2020,0,,
349,Gresley FC,M,,2017-2018,2019-2020,0,,
350,Grimsby Borough FC,M,,2017-2018,2019-2020,0,,
351,Grimsby Town FC,M,EFL League Two,2001-2002,2019-2020,19,0,
352,Guildford City FC,M,,2017-2018,2019-2020,0,,
353,Guisborough Town FC,M,,2017-2018,2019-2020,0,,
354,Guiseley AFC,M,,2015-2016,2019-2020,3,0,
355,Hackney Wick FC,M,,2017-2018,2019-2020,0,,
356,Hadleigh United FC,M,,2017-2018,2019-2020,0,,
357,Hadley FC,M,,2017-2018,2019-2020,0,,
358,Hailsham Town FC,M,,2017-2018,2017-2018,0,,
359,Halesowen Town FC,M,,2017-2018,2019-2020,0,,
360,Halifax Town AFC,M,,2006-2007,2007-2008,2,0,
361,Hall Road Rangers FC,M,,2017-2018,2019-2020,0,,
362,Hallam FC,M,,2017-2018,2019-2020,0,,
363,Hallen AFC,M,,2017-2018,2019-2020,0,,
364,Halstead Town FC,M,,2019-2020,2019-2020,0,,
365,Hamble Club FC,M,,2018-2019,2019-2020,0,,
366,Hampton & Richmond Borough FC,M,,2017-2018,2019-2020,0,0,
367,Hamworthy United FC,M,,2017-2018,2019-2020,0,,
368,Handsworth Parramore FC,M,,2017-2018,2019-2020,0,,
369,Hanley Town FC,M,,2017-2018,2019-2020,0,,
370,Hanwell Town FC,M,,2017-2018,2019-2020,0,,
371,Hanworth Villa FC,M,,2017-2018,2019-2020,0,,
372,Harborough Town FC,M,,2017-2018,2019-2020,0,,
373,Harefield United FC,M,,2019-2020,2019-2020,0,,
374,Haringey Borough FC,M,,2017-2018,2019-2020,0,0,
375,Harlow Town FC,M,,2017-2018,2019-2020,0,,
376,Harpenden Town FC,M,,2017-2018,2019-2020,0,,
377,Harrogate Railway Athletic FC,M,,2017-2018,2019-2020,0,,Harrogate Railway AFC
378,Harrogate Town FC,M,National League,2016-2017,2019-2020,2,0,Harrogate Town AFC
379,Harrow Borough FC,M,,2016-2017,2019-2020,0,0,
380,Harrowby United FC,M,,2017-2018,2017-2018,0,,
381,Hartlepool United FC,M,National League,2002-2003,2019-2020,18,0,
382,Hartley Wintney FC,M,,2017-2018,2019-2020,0,,
383,Harwich & Parkeston FC,M,,2019-2020,2019-2020,0,,
384,Hassocks FC,M,,2017-2018,2019-2020,0,,
385,Hastings United FC,M,,2017-2018,2019-2020,0,,
386,Haughmond FC,M,,2017-2018,2019-2020,0,,
387,Havant & Waterlooville FC,M,,2014-2015,2019-2020,1,0,
388,Haverhill Borough FC,M,,2017-2018,2018-2019,0,,
389,Haverhill Rovers FC,M,,2017-2018,2019-2020,0,,
390,Hayes & Yeading United FC,M,,2009-2010,2019-2020,3,0,
391,Haywards Heath Town FC,M,,2017-2018,2019-2020,0,,
392,Heanor Town FC,M,,2017-2018,2019-2020,0,,
393,Heather St John's FC,M,,2018-2019,2019-2020,0,,Heather St. John's FC
394,Heaton Stannington FC,M,,2017-2018,2018-2019,0,,
395,Hebburn Town FC,M,,2018-2019,2019-2020,0,,
396,Hednesford Town FC,M,,2017-2018,2019-2020,0,,
397,Hemel Hempstead Town FC,M,,2014-2015,2019-2020,0,0,
398,Hemsworth Miners Welfare FC,M,,2017-2018,2019-2020,0,,
399,Hendon FC,M,,2016-2017,2019-2020,0,,
400,Hengrove Athletic FC,M,,2017-2018,2019-2020,0,,
401,Hereford FC,M,,2017-2018,2019-2020,0,0,
402,Hereford United FC,M,,2006-2007,2013-2014,8,0,
403,Herne Bay FC,M,,2017-2018,2019-2020,0,,
404,Hertford Town FC,M,,2017-2018,2019-2020,0,,
405,Heybridge Swifts FC,M,,2017-2018,2019-2020,0,0,
406,Highgate United FC,M,,2017-2018,2019-2020,0,,
407,Highworth Town FC,M,,2017-2018,2019-2020,0,,
408,Hinckley AFC,M,,2017-2018,2018-2019,0,,
409,Histon FC,M,,2007-2008,2019-2020,4,0,
410,Hitchin Town FC,M,,2017-2018,2019-2020,0,0,
411,Hoddesdon Town FC,M,,2017-2018,2019-2020,0,,
412,Holbeach United FC,M,,2017-2018,2019-2020,0,,
413,Hollands & Blair FC,M,,2017-2018,2019-2020,0,,
414,Holmer Green FC,M,,2017-2018,2019-2020,0,,
415,Holmesdale FC,M,,2017-2018,2017-2018,0,,
416,Holyport FC,M,,2018-2019,2018-2019,0,,
417,Horley Town FC,M,,2017-2018,2019-2020,0,,
418,Horndean FC,M,,2017-2018,2019-2020,0,,
419,Horsham FC,M,,2017-2018,2019-2020,0,,
420,Horsham YMCA FC,M,,2017-2018,2019-2020,0,,
421,Huddersfield Town AFC,M,EFL Championship,2002-2003,2019-2020,18,0,
422,Hull City AFC,M,EFL Championship,2002-2003,2019-2020,18,0,
423,Hullbridge Sports FC,M,,2017-2018,2019-2020,0,,
424,Hungerford Town FC,M,,2017-2018,2019-2020,0,,
425,Huntingdon Town FC,M,,2017-2018,2017-2018,0,,
426,Hyde FC,M,,2012-2013,2013-2014,2,0,
427,Hythe & Dibden FC,M,,2019-2020,2019-2020,0,,
428,Hythe Town FC,M,,2017-2018,2019-2020,0,,
429,Ilford FC,M,,2017-2018,2019-2020,0,,
430,Ilkeston Town FC,M,,2019-2020,2019-2020,0,,
431,Ipswich Town FC,M,EFL League One,1992-1993,2019-2020,23,0,
432,Ipswich Wanderers FC,M,,2017-2018,2018-2019,0,,
433,Irlam FC,M,,2017-2018,2019-2020,0,,
434,Jarrow Roofing Boldon Community Association FC,M,,2017-2018,2017-2018,0,,Jarrow Roofing Boldon CA FC
435,K Sports FC,M,,2018-2019,2019-2020,0,,
436,Kendal Town FC,M,,2017-2018,2019-2020,0,,
437,Kettering Town FC,M,,2008-2009,2019-2020,4,0,
438,Keynsham Town FC,M,,2017-2018,2019-2020,0,,
439,Kidderminster Harriers FC,M,,2002-2003,2019-2020,13,0,
440,Kidlington FC,M,,2017-2018,2019-2020,0,,
441,Kidsgrove Athletic FC,M,,2017-2018,2019-2020,0,,
442,Kimberley Miners Welfare FC,M,,2017-2018,2018-2019,0,,
443,King's Lynn Town FC,M,,2017-2018,2019-2020,0,,
444,Kings Langley FC,M,,2017-2018,2019-2020,0,,
445,Kingstonian FC,M,,2017-2018,2019-2020,0,0,
446,Kirby Muxloe SC,M,,2017-2018,2019-2020,0,,Kirby Muxloe FC
447,Kirkley & Pakefield FC,M,,2017-2018,2019-2020,0,,
448,Knaphill FC,M,,2017-2018,2019-2020,0,,
449,Knaresborough Town AFC,M,,2018-2019,2019-2020,0,,
450,Lancaster City FC,M,,2017-2018,2019-2020,0,,
451,Lancing FC,M,,2017-2018,2019-2020,0,,
452,Langford FC,M,,2017-2018,2017-2018,0,,
453,Langney Wanderers FC,M,,2018-2019,2019-2020,0,,
454,Larkhall Athletic FC,M,,2017-2018,2019-2020,0,,
455,Laverstock & Ford FC,M,,2017-2018,2017-2018,0,,
456,Leamington FC,M,,2017-2018,2019-2020,0,,
457,Leatherhead FC,M,,2017-2018,2019-2020,0,0,
458,Leeds United FC,M,EFL Championship,1992-1993,2019-2020,28,0,
459,Leek Town FC,M,,2017-2018,2019-2020,0,,
460,Leicester City FC,M,Premier League,1994-1995,2019-2020,25,3,
461,Leicester City FC U23,M,Premier League 2 — Division 1,2016-2017,2019-2020,4,,
462,Leicester Nirvana FC,M,,2017-2018,2019-2020,0,,
463,Leicester Road FC,M,,2017-2018,2019-2020,0,,
464,Leighton Town FC,M,,2017-2018,2019-2020,0,,
465,Leiston FC,M,,2016-2017,2019-2020,0,,
466,Leverstock Green FC,M,,2017-2018,2019-2020,0,,
467,Lewes FC,M,,2008-2009,2019-2020,1,0,
468,Leyton Athletic FC,M,,2017-2018,2019-2020,0,,
469,Leyton Orient FC,M,EFL League Two,2002-2003,2019-2020,18,1,
470,Lichfield City FC,M,,2019-2020,2019-2020,0,,
471,Lincoln City FC,M,EFL League One,2002-2003,2019-2020,18,2,
472,Lincoln United FC,M,,2016-2017,2019-2020,0,,
473,Lingfield FC,M,,2017-2018,2019-2020,0,,
474,Litherland REMYCA FC,M,,2017-2018,2019-2020,0,,
475,Little Common FC,M,,2017-2018,2019-2020,0,,
476,Littlehampton Town FC,M,,2017-2018,2018-2019,0,,
477,Liverpool FC,M,Premier League,1992-1993,2019-2020,28,0,
478,Liverpool FC U23,M,Premier League 2 — Division 1,2016-2017,2019-2020,4,,
479,Liverpool FC Women,F,FA Women's Super League,2014-2015,2019-2020,4,0,Liverpool LFC
480,Liversedge FC,M,,2017-2018,2019-2020,0,,
481,London Colney FC,M,,2017-2018,2019-2020,0,,
482,London Lions FC,M,,2018-2019,2018-2019,0,,
483,London Tigers FC,M,,2019-2020,2019-2020,0,,
484,Long Eaton United FC,M,,2017-2018,2019-2020,0,,
485,Long Melford FC,M,,2017-2018,2019-2020,0,,
486,Longlevens AFC,M,,2017-2018,2019-2020,0,,
487,Longridge Town FC,M,,2019-2020,2019-2020,0,,
488,Longwell Green Sports FC,M,,2017-2018,2018-2019,0,,
489,Lordswood FC,M,,2017-2018,2019-2020,0,,
490,Loughborough Dynamo FC,M,,2017-2018,2019-2020,0,,
491,Loughborough University FC,M,,2017-2018,2019-2020,0,,
492,Lower Breck FC,M,,2019-2020,2019-2020,0,,
493,Lowestoft Town FC,M,,2017-2018,2019-2020,0,,
494,Loxwood FC,M,,2017-2018,2019-2020,0,,
495,Luton Town FC,M,EFL Championship,2002-2003,2019-2020,18,3,
496,Lutterworth Town AFC,M,,2018-2019,2019-2020,0,,
497,Lydney Town AFC,M,,2017-2018,2019-2020,0,,
498,Lye Town FC,M,,2019-2020,2019-2020,0,,
499,Lymington Town FC,M,,2017-2018,2019-2020,0,,
500,Macclesfield Town FC,M,EFL League Two,2002-2003,2019-2020,18,1,
501,Maidenhead United FC,M,National League,2015-2016,2019-2020,3,0,
502,Maidstone United FC,M,,2014-2015,2019-2020,3,0,
503,Maine Road FC,M,,2017-2018,2018-2019,0,,
504,Maldon & Tiptree FC,M,,2017-2018,2019-2020,0,0,
505,Malmesbury Victoria FC,M,,2019-2020,2019-2020,0,,
506,Maltby Main FC,M,,2017-2018,2019-2020,0,,
507,Malvern Town FC,M,,2017-2018,2019-2020,0,,
508,Manchester City FC,M,Premier League,1992-1993,2019-2020,24,5,
509,Manchester City FC U23,M,Premier League 2 — Division 1,2016-2017,2019-2020,4,,
510,Manchester City WFC,F,FA Women's Super League,2016-2017,2019-2020,4,0,
511,Manchester United,F,FA Women's Super League,2019-2020,2019-2020,1,, WFC
512,Manchester United FC,M,Premier League,1992-1993,2019-2020,28,13,
513,Manchester United FC U23,M,Premier League 2 — Division 2,2016-2017,2019-2020,4,,
514,Mangotsfield United FC,M,,2017-2018,2019-2020,0,,
515,Mansfield Town FC,M,EFL League Two,2002-2003,2019-2020,18,1,
516,March Town United FC,M,,2019-2020,2019-2020,0,,
517,Margate FC,M,,2016-2017,2019-2020,0,,
518,Marine FC,M,,2017-2018,2019-2020,0,,Marine AFC
519,Market Drayton Town FC,M,,2017-2018,2019-2020,0,,
520,Marlow FC,M,,2017-2018,2019-2020,0,,
521,Marske United FC,M,,2017-2018,2019-2020,0,,
522,Matlock Town FC,M,,2016-2017,2019-2020,0,,
523,Melksham Town FC,M,,2017-2018,2019-2020,0,,
524,Melton Town FC,M,,2019-2020,2019-2020,0,,
525,Merstham FC,M,,2016-2017,2019-2020,0,0,
526,Merthyr Town FC,M,,2017-2018,2019-2020,0,,
527,Metropolitan Police FC,M,,2017-2018,2019-2020,0,0,
528,Mickleover Sports FC,M,,2017-2018,2019-2020,0,,
529,Middlesbrough FC,M,EFL Championship,1992-1993,2019-2020,25,0,
530,Middlesbrough FC U23,M,Premier League 2 — Division 2,2016-2017,2019-2020,4,,
531,Mildenhall Town FC,M,,2017-2018,2019-2020,0,,
532,Mile Oak FC,M,,2017-2018,2017-2018,0,,
533,Millwall FC,M,EFL Championship,2001-2002,2019-2020,19,0,
534,Milton Keynes Dons FC,M,EFL League One,2004-2005,2019-2020,16,1,
535,Mole Valley SCR FC,M,,2017-2018,2019-2020,0,,Sutton Common Rovers FC
536,Molesey FC,M,,2017-2018,2019-2020,0,,
537,Moneyfields FC,M,,2017-2018,2019-2020,0,,
538,Morecambe FC,M,EFL League Two,2006-2007,2019-2020,14,0,
539,Morpeth Town AFC,M,,2017-2018,2019-2020,0,,
540,Mossley AFC,M,,2017-2018,2019-2020,0,,
541,Mulbarton Wanderers FC,M,,2019-2020,2019-2020,0,,
542,Nantwich Town FC,M,,2016-2017,2019-2020,0,0,
543,Needham Market FC,M,,2017-2018,2019-2020,0,,
544,Nelson FC,M,,2017-2018,2017-2018,0,,
545,New Mills AFC,M,,2017-2018,2017-2018,0,,
546,Newcastle Benfield FC,M,,2017-2018,2019-2020,0,,
547,Newcastle Town FC,M,,2017-2018,2019-2020,0,,
548,Newcastle United FC,M,Premier League,1993-1994,2019-2020,27,2,
549,Newcastle United FC U23,M,Premier League 2 — Division 2,2016-2017,2019-2020,4,,
550,Newhaven FC,M,,2017-2018,2019-2020,0,,
551,Newmarket Town FC,M,,2017-2018,2019-2020,0,,
552,Newport,M,,2017-2018,2018-2019,0,, Isle of Wight FC
553,Newport County AFC,M,EFL League Two,2010-2011,2019-2020,10,0,
554,Newport Pagnell Town FC,M,,2017-2018,2019-2020,0,,
555,Newton Aycliffe FC,M,,2017-2018,2019-2020,0,,
556,North Ferriby United AFC,M,,2016-2017,2018-2019,1,0,
557,North Greenford United FC,M,,2017-2018,2019-2020,0,,
558,North Leigh FC,M,,2016-2017,2019-2020,0,,
559,North Shields FC,M,,2017-2018,2019-2020,0,,
560,Northallerton Town FC,M,,2018-2019,2019-2020,0,,
561,Northampton ON Chenecks FC,M,,2017-2018,2019-2020,0,,
562,Northampton Sileby Rangers FC,M,,2017-2018,2018-2019,0,,
563,Northampton Town FC,M,EFL League Two,2002-2003,2019-2020,18,1,
564,Northwich Victoria FC,M,,2006-2007,2019-2020,3,0,
565,Northwood FC,M,,2017-2018,2019-2020,0,,
566,Norton United FC,M,,2014-2015,2014-2015,0,0,
567,Norwich CBS FC,M,,2019-2020,2019-2020,0,,
568,Norwich City FC,M,Premier League,1992-1993,2019-2020,22,3,
569,Norwich City FC U23,M,Premier League 2 — Division 2,2016-2017,2019-2020,4,,
570,Norwich United FC,M,,2017-2018,2019-2020,0,,
571,Nostell Miners Welfare FC,M,,2019-2020,2019-2020,0,,
572,Nottingham Forest FC,M,EFL Championship,1992-1993,2019-2020,24,0,
573,Notts County FC,M,National League,2002-2003,2019-2020,18,1,
574,Nuneaton Town FC,M,,2012-2013,2019-2020,3,0,Nuneaton Borough FC
575,Oadby Town FC,M,,2017-2018,2019-2020,0,,
576,Odd Down FC,M,,2017-2018,2019-2020,0,,Odd Down AFC
577,Oldham Athletic AFC,M,EFL League Two,1992-1993,2019-2020,20,0,
578,Ossett Albion AFC,M,,2017-2018,2017-2018,0,,
579,Ossett Town FC,M,,2017-2018,2017-2018,0,,Ossett Town AFC
580,Ossett United FC,M,,2018-2019,2019-2020,0,,
581,Oxford City FC,M,,2017-2018,2019-2020,0,0,
582,Oxford United FC,M,EFL League One,2002-2003,2019-2020,18,0,
583,Oxhey Jets FC,M,,2017-2018,2019-2020,0,,
584,Padiham FC,M,,2017-2018,2019-2020,0,,
585,Pagham FC,M,,2017-2018,2019-2020,0,,
586,Parkgate FC,M,,2017-2018,2018-2019,0,,
587,Paulton Rovers FC,M,,2017-2018,2019-2020,0,,
588,Peacehaven & Telscombe FC,M,,2017-2018,2019-2020,0,,
589,Penistone Church FC,M,,2017-2018,2019-2020,0,,
590,Penrith FC,M,,2017-2018,2019-2020,0,,Penrith AFC
591,Peterborough Northern Star FC,M,,2017-2018,2019-2020,0,,
592,Peterborough Sports FC,M,,2017-2018,2019-2020,0,,
593,Peterborough United FC,M,EFL League One,2002-2003,2019-2020,18,0,
594,Petersfield Town FC,M,,2017-2018,2018-2019,0,,
595,Pewsey Vale FC,M,,2018-2019,2018-2019,0,,
596,Phoenix Sports FC,M,,2017-2018,2019-2020,0,,
597,Pickering Town FC,M,,2017-2018,2019-2020,0,,
598,Pinchbeck United FC,M,,2018-2019,2019-2020,0,,
599,Plymouth Argyle FC,M,EFL League Two,2002-2003,2019-2020,18,1,
600,Plymouth Parkway FC,M,,2017-2018,2019-2020,0,,
601,Pontefract Collieries FC,M,,2017-2018,2019-2020,0,,
602,Poole Town FC,M,,2017-2018,2019-2020,0,,
603,Port Vale FC,M,EFL League Two,2002-2003,2019-2020,18,0,
604,Portland United FC,M,,2017-2018,2019-2020,0,,
605,Portsmouth FC,M,EFL League One,2001-2002,2019-2020,19,2,
606,Potters Bar Town FC,M,,2016-2017,2019-2020,0,,
607,Potton United FC,M,,2017-2018,2019-2020,0,,
608,Prescot Cables FC,M,,2017-2018,2019-2020,0,,
609,Preston North End FC,M,EFL Championship,2001-2002,2019-2020,19,0,
610,Prestwich Heys AFC,M,,2018-2019,2018-2019,0,,
611,Punjab United FC,M,,2019-2020,2019-2020,0,,
612,Queens Park Rangers FC,M,EFL Championship,1992-1993,2019-2020,22,1,
613,Quorn FC,M,,2017-2018,2019-2020,0,,Quorn AFC
614,Racing Club Warwick FC,M,,2018-2019,2019-2020,0,,
615,Radcliffe Borough FC,M,,2017-2018,2019-2020,0,,Radcliffe FC
616,Radford FC,M,,2017-2018,2019-2020,0,,
617,Rainworth Miners Welfare FC,M,,2017-2018,2018-2019,0,,
618,Ramsbottom United FC,M,,2017-2018,2019-2020,0,,
619,Ramsgate FC,M,,2017-2018,2019-2020,0,,
620,Raunds Town FC,M,,2017-2018,2018-2019,0,,
621,Raynes Park Vale FC,M,,2017-2018,2019-2020,0,,
622,Reading City FC,M,,2017-2018,2019-2020,0,,
623,Reading FC,M,EFL Championship,2002-2003,2019-2020,18,2,
624,Reading FC U23,M,Premier League 2 — Division 2,2016-2017,2019-2020,4,,
625,Reading FC Women,F,FA Women's Super League,2017,2019-2020,4,,
626,Redbridge FC,M,,2017-2018,2019-2020,0,,
627,Redditch United FC,M,,2017-2018,2019-2020,0,,
628,Redhill FC,M,,2017-2018,2019-2020,0,,
629,Retford United FC,M,,2017-2018,2017-2018,0,,
630,Ringwood Town FC,M,,2017-2018,2017-2018,0,,
631,Risborough Rangers FC,M,,2017-2018,2017-2018,0,,
632,Rocester FC,M,,2017-2018,2018-2019,0,,
633,Rochdale AFC,M,EFL League One,2002-2003,2019-2020,18,0,
634,Rochester United FC,M,,2017-2018,2018-2019,0,,
635,Roman Glass St George FC,M,,2018-2019,2019-2020,0,,Roman Glass St. George FC
636,Romford FC,M,,2017-2018,2019-2020,0,,
637,Romsey Town FC,M,,2018-2019,2019-2020,0,,
638,Romulus FC,M,,2017-2018,2019-2020,0,,
639,Rotherham United FC,M,EFL League One,2001-2002,2019-2020,19,0,
640,Rothwell Corinthians FC,M,,2017-2018,2019-2020,0,,
641,Royston Town FC,M,,2017-2018,2019-2020,0,,
642,Rugby Town AFC,M,,2017-2018,2019-2020,0,,
643,Runcorn Linnets FC,M,,2017-2018,2019-2020,0,,
644,Runcorn Town FC,M,,2017-2018,2019-2020,0,,
645,Rushall Olympic FC,M,,2017-2018,2019-2020,0,,
646,Rushden & Diamonds FC,M,,2002-2003,2010-2011,9,1,
647,Rusthall FC,M,,2017-2018,2019-2020,0,,
648,Ryhope Colliery Welfare FC,M,,2017-2018,2019-2020,0,,
649,Rylands FC,M,,2019-2020,2019-2020,0,,
650,Saffron Walden Town FC,M,,2017-2018,2019-2020,0,,
651,Salford City FC,M,EFL League Two,2015-2016,2019-2020,2,0,
652,Salisbury City FC,M,,2007-2008,2013-2014,4,0,
653,Salisbury FC,M,,2017-2018,2019-2020,0,,
654,Saltash United FC,M,,2018-2019,2019-2020,0,,
655,Saltdean United FC,M,,2017-2018,2019-2020,0,,
656,Sandbach United FC,M,,2018-2019,2018-2019,0,,
657,Sandhurst Town FC,M,,2018-2019,2018-2019,0,,
658,Sawbridgeworth Town FC,M,,2017-2018,2019-2020,0,,
659,Scarborough Athletic FC,M,,2017-2018,2019-2020,0,,
660,Scunthorpe United FC,M,EFL League Two,2002-2003,2019-2020,18,1,
661,Seaham Red Star FC,M,,2017-2018,2019-2020,0,,
662,Selby Town FC,M,,2018-2019,2018-2019,0,,
663,Selsey FC,M,,2019-2020,2019-2020,0,,
664,Selston FC,M,,2019-2020,2019-2020,0,,
665,Sevenoaks Town FC,M,,2017-2018,2019-2020,0,,
666,Shaftesbury FC,M,,2017-2018,2019-2020,0,,
667,Shaw Lane Aquaforce FC,M,,2017-2018,2017-2018,0,0,Shaw Lane Aquaforce
668,Shawbury United FC,M,,2017-2018,2018-2019,0,,
669,Sheerwater FC,M,,2019-2020,2019-2020,0,,
670,Sheffield FC,M,,2017-2018,2019-2020,0,,
671,Sheffield United FC,M,Premier League,1992-1993,2019-2020,21,1,
672,Sheffield Wednesday FC,M,EFL Championship,1992-1993,2019-2020,27,0,
673,Sheppey & Sheerness United FC,M,,2017-2018,2019-2020,0,,Sheppey United FC
674,Shepshed Dynamo FC,M,,2017-2018,2019-2020,0,,
675,Shepton Mallet FC,M,,2017-2018,2019-2020,0,,Shepton Mallet AFC
676,Sherborne Town FC,M,,2017-2018,2017-2018,0,,
677,Sherwood Colliery FC,M,,2019-2020,2019-2020,0,,
678,Shildon AFC,M,,2017-2018,2019-2020,0,,
679,Shirebrook Town FC,M,,2018-2019,2018-2019,0,,
680,Sholing FC,M,,2017-2018,2019-2020,0,,
681,Shoreham FC,M,,2017-2018,2019-2020,0,,
682,Shortwood United FC,M,,2017-2018,2019-2020,0,,Shortwood United AFC
683,Shrewsbury Town FC,M,EFL League One,2002-2003,2019-2020,17,0,
684,Shrivenham FC,M,,2019-2020,2019-2020,0,,
685,Silsden FC,M,,2018-2019,2019-2020,0,,Silsden AFC
686,Sittingbourne FC,M,,2017-2018,2019-2020,0,,
687,Skelmersdale United FC,M,,2017-2018,2019-2020,0,,
688,Sleaford Town FC,M,,2017-2018,2019-2020,0,,
689,Slimbridge FC,M,,2017-2018,2019-2020,0,,Slimbridge AFC
690,Slough Town FC,M,,2017-2018,2019-2020,0,0,
691,Soham Town Rangers FC,M,,2017-2018,2019-2020,0,,
692,Solihull Moors FC,M,National League,2016-2017,2019-2020,4,0,
693,South Normanton Athletic FC,M,,2017-2018,2019-2020,0,,
694,South Park FC,M,,2017-2018,2019-2020,0,,
695,South Shields FC,M,,2017-2018,2019-2020,0,,
696,Southall FC,M,,2017-2018,2019-2020,0,,
697,Southampton FC,M,Premier League,1992-1993,2019-2020,28,0,
698,Southampton FC U23,M,Premier League 2 — Division 1,2016-2017,2019-2020,4,,
699,Southend Manor FC,M,,2017-2018,2019-2020,0,,
700,Southend United FC,M,EFL League One,2002-2003,2019-2020,18,1,
701,Southport FC,M,,2006-2007,2019-2020,8,0,
702,Spalding United FC,M,,2017-2018,2019-2020,0,,
703,Spelthorne Sports FC,M,,2017-2018,2019-2020,0,,
704,Spennymoor Town FC,M,,2016-2017,2019-2020,0,0,
705,Sporting Bengal United FC,M,,2017-2018,2019-2020,0,,
706,Sporting Khalsa FC,M,,2017-2018,2019-2020,0,,
707,Squires Gate FC,M,,2017-2018,2019-2020,0,,
708,St Albans City FC,M,,2006-2007,2019-2020,1,0,St. Albans City FC
709,St Andrews FC,M,,2017-2018,2018-2019,0,,St. Andrews FC
710,St Ives Town FC,M,,2017-2018,2019-2020,0,,St. Ives Town FC
711,St Neots Town FC,M,,2017-2018,2019-2020,0,,St. Neots Town FC
712,St. Margaretsbury FC,M,,2017-2018,2019-2020,0,,
713,Stafford Rangers FC,M,,2006-2007,2019-2020,2,0,
714,Staines Town FC,M,,2015-2016,2019-2020,0,0,
715,Stalybridge Celtic FC,M,,2015-2016,2019-2020,0,0,
716,Stamford AFC,M,,2016-2017,2019-2020,0,0,
717,Stansted FC,M,,2017-2018,2019-2020,0,,
718,Stanway Rovers FC,M,,2017-2018,2019-2020,0,,
719,Staveley Miners Welfare FC,M,,2017-2018,2019-2020,0,,
720,Stevenage FC,M,EFL League Two,2006-2007,2019-2020,14,1,Stevenage Borough FC
721,Steyning Town FC,M,,2017-2018,2019-2020,0,,
722,Stockport County FC,M,National League,2001-2002,2019-2020,13,0,
723,Stocksbridge Park Steels FC,M,,2017-2018,2019-2020,0,,
724,Stockton Town FC,M,,2017-2018,2019-2020,0,,
725,Stoke City FC,M,EFL Championship,2002-2003,2019-2020,18,0,
726,Stoke City FC U23,M,Premier League 2 — Division 2,2016-2017,2019-2020,4,,
727,Stone Old Alleynians FC,M,,2019-2020,2019-2020,0,,
728,Stotfold FC,M,,2017-2018,2019-2020,0,,
729,Stourbridge FC,M,,2015-2016,2019-2020,0,0,
730,Stourport Swifts FC,M,,2017-2018,2019-2020,0,,
731,Stowmarket Town FC,M,,2017-2018,2019-2020,0,,
732,Stratford Town FC,M,,2017-2018,2019-2020,0,,
733,Street FC,M,,2017-2018,2019-2020,0,,
734,Sun Postal Sports FC,M,,2017-2018,2017-2018,0,,Sun Sports FC
735,Sunderland AFC,M,EFL League One,1996-1997,2019-2020,22,2,
736,Sunderland AFC Ladies,F,,2017,2017-2018,2,,
737,Sunderland AFC U23,M,Premier League 2 — Division 2,2016-2017,2019-2020,4,,
738,Sunderland Ryhope Community Association FC,M,,2017-2018,2019-2020,0,,Sunderland Ryhope CA FC
739,Sutton Athletic FC,M,,2019-2020,2019-2020,0,,
740,Sutton Coldfield Town FC,M,,2017-2018,2019-2020,0,,
741,Sutton United FC,M,National League,2016-2017,2019-2020,4,0,
742,Swaffham Town FC,M,,2017-2018,2019-2020,0,,
743,Swansea City AFC,M,EFL Championship,2002-2003,2019-2020,18,1,
744,Swansea City AFC U23,M,Premier League 2 — Division 2,2016-2017,2019-2020,4,1,
745,Swansea City Ladies FC,F,,2017-2018,2017-2018,0,,
746,Swindon Supermarine FC,M,,2017-2018,2019-2020,0,,
747,Swindon Town FC,M,EFL League Two,1993-1994,2019-2020,19,1,
748,Tadcaster Albion AFC,M,,2017-2018,2019-2020,0,,
749,Tadley Calleva FC,M,,2018-2019,2019-2020,0,,
750,Takeley FC,M,,2017-2018,2019-2020,0,,
751,Tamworth FC,M,,2006-2007,2019-2020,6,0,
752,Taunton Town FC,M,,2016-2017,2019-2020,0,0,
753,Tavistock AFC,M,,2017-2018,2019-2020,0,,
754,Team Northumbria FC,M,,2017-2018,2018-2019,0,,
755,Team Solent FC,M,,2017-2018,2019-2020,0,,
756,Teversal FC,M,,2018-2019,2018-2019,0,,
757,Thackley FC,M,,2017-2018,2019-2020,0,,Thackley AFC
758,Thame Rangers FC,M,,2019-2020,2019-2020,0,,
759,Thame United FC,M,,2017-2018,2019-2020,0,,
760,Thamesmead Town FC,M,,2017-2018,2018-2019,0,,
761,Thatcham Town FC,M,,2017-2018,2019-2020,0,,
762,Thetford Town FC,M,,2017-2018,2019-2020,0,,
763,Thornaby FC,M,,2019-2020,2019-2020,0,,
764,Thornbury Town FC,M,,2019-2020,2019-2020,0,,
765,Three Bridges FC,M,,2017-2018,2019-2020,0,,
766,Thurrock FC,M,,2017-2018,2017-2018,0,,
767,Tilbury FC,M,,2017-2018,2019-2020,0,,
768,Tiverton Town FC,M,,2017-2018,2019-2020,0,,
769,Tividale FC,M,,2017-2018,2019-2020,0,,
770,Tonbridge Angels FC,M,,2016-2017,2019-2020,0,,
771,Tooting & Mitcham United FC,M,,2017-2018,2019-2020,0,,
772,Tooting Bec FC,M,,2019-2020,2019-2020,0,,
773,Torquay United FC,M,National League,2002-2003,2019-2020,17,0,
774,Tottenham Hotspur FC,M,Premier League,1992-1993,2019-2020,28,0,
775,Tottenham Hotspur FC U23,M,Premier League 2 — Division 1,2016-2017,2019-2020,4,,
776,Tottenham Hotspur LFC,F,FA Women's Super League,2019-2020,2019-2020,1,,Tottenham Hotspur Women
777,Tower Hamlets FC,M,,2017-2018,2019-2020,0,,
778,Trafford FC,M,,2017-2018,2019-2020,0,,
779,Tranmere Rovers FC,M,EFL League One,2002-2003,2019-2020,18,0,
780,Tring Athletic FC,M,,2017-2018,2019-2020,0,,
781,Truro City FC,M,,2017-2018,2019-2020,0,0,
782,Tuffley Rovers FC,M,,2017-2018,2019-2020,0,,
783,Tunbridge Wells FC,M,,2017-2018,2019-2020,0,,
784,United Services Portsmouth FC,M,,2018-2019,2019-2020,0,,
785,Uxbridge FC,M,,2017-2018,2019-2020,0,,
786,Vauxhall Motors FC,M,,2019-2020,2019-2020,0,,
787,VCD Athletic FC,M,,2017-2018,2019-2020,0,,
788,Verwood Town FC,M,,2017-2018,2017-2018,0,,
789,Virginia Water FC,M,,2019-2020,2019-2020,0,,
790,Walsall FC,M,EFL League Two,2001-2002,2019-2020,19,1,
791,Walsall Wood FC,M,,2017-2018,2019-2020,0,,
792,Walsham-le-Willows FC,M,,2017-2018,2019-2020,0,,
793,Waltham Abbey FC,M,,2017-2018,2019-2020,0,,
794,Waltham Forest FC,M,,2017-2018,2019-2020,0,,Walthamstow FC
795,Walton & Hersham FC,M,,2017-2018,2019-2020,0,,
796,Walton Casuals FC,M,,2017-2018,2019-2020,0,,
797,Wantage Town FC,M,,2017-2018,2019-2020,0,,
798,Ware FC,M,,2017-2018,2019-2020,0,,
799,Warrington Town FC,M,,2014-2015,2019-2020,0,0,
800,Washington FC,M,,2017-2018,2018-2019,0,,
801,Watford FC,M,Premier League,1999-2000,2019-2020,20,0,
802,Wealdstone FC,M,,2015-2016,2019-2020,0,0,
803,Wednesfield FC,M,,2018-2019,2019-2020,0,,
804,Welling Town FC,M,,2019-2020,2019-2020,0,,
805,Welling United FC,M,,2013-2014,2019-2020,3,0,
806,Wellingborough Town FC,M,,2017-2018,2019-2020,0,,
807,Wellingborough Whitworth FC,M,,2017-2018,2019-2020,0,,Wellingborough Whitworths FC
808,Wellington AFC,M,,2017-2018,2019-2020,0,,
809,Wellington FC,M,,2017-2018,2017-2018,0,,
810,Wells City FC,M,,2017-2018,2018-2019,0,,
811,Welwyn Garden City FC,M,,2017-2018,2019-2020,0,,
812,Wembley FC,M,,2017-2018,2019-2020,0,,
813,West Allotment Celtic FC,M,,2017-2018,2017-2018,0,,
814,West Auckland Town FC,M,,2017-2018,2019-2020,0,,West Auckland Town AFC
815,West Bridgford FC,M,,2017-2018,2017-2018,0,,
816,West Bromwich Albion FC,M,EFL Championship,2001-2002,2019-2020,19,1,
817,West Bromwich Albion FC U23,M,Premier League 2 — Division 2,2016-2017,2019-2020,4,,
818,West Didsbury & Chorlton AFC,M,,2017-2018,2019-2020,0,,
819,West Essex FC,M,,2017-2018,2019-2020,0,,
820,West Ham United FC,M,Premier League,1993-1994,2019-2020,27,0,
821,West Ham United FC U23,M,Premier League 2 — Division 2,2016-2017,2019-2020,4,,
822,West Ham United FC Women,F,FA Women's Super League,2018-2019,2019-2020,2,,
823,Westbury United FC,M,,2018-2019,2019-2020,0,,
824,Westfield FC,M,,2017-2018,2019-2020,0,,
825,Westfields FC,M,,2016-2017,2019-2020,0,0,
826,Weston-super-Mare AFC,M,,2014-2015,2019-2020,0,0,
827,Weymouth FC,M,,2006-2007,2019-2020,3,0,
828,Whickham FC,M,,2018-2019,2019-2020,0,,Whickham AFC
829,Whitby Town FC,M,,2017-2018,2019-2020,0,,
830,Whitchurch Alport FC,M,,2017-2018,2019-2020,0,,
831,Whitchurch United FC,M,,2017-2018,2017-2018,0,,
832,White Ensign FC,M,,2019-2020,2019-2020,0,,
833,Whitehawk FC,M,,2015-2016,2019-2020,0,0,
834,Whitley Bay FC,M,,2017-2018,2019-2020,0,,
835,Whitstable Town FC,M,,2017-2018,2019-2020,0,,
836,Whitton United FC,M,,2018-2019,2019-2020,0,,
837,Whyteleafe FC,M,,2017-2018,2019-2020,0,,
838,Wick & Barnham United FC,M,,2017-2018,2018-2019,0,,Wick FC
839,Widnes FC,M,,2017-2018,2019-2020,0,,
840,Wigan Athletic FC,M,EFL Championship,2002-2003,2019-2020,18,3,
841,Willand Rovers FC,M,,2017-2018,2019-2020,0,,
842,Wimbledon FC,M,,1992-1993,2003-2004,11,0,
843,Wimborne Town FC,M,,2017-2018,2019-2020,0,,
844,Winchester City FC,M,,2017-2018,2019-2020,0,,
845,Windsor FC,M,,2017-2018,2019-2020,0,,
846,Wingate & Finchley FC,M,,2017-2018,2019-2020,0,,
847,Winsford United FC,M,,2017-2018,2019-2020,0,,
848,Winslow United FC,M,,2018-2019,2019-2020,0,,
849,Winterton Rangers FC,M,,2019-2020,2019-2020,0,,
850,Wisbech Town FC,M,,2017-2018,2019-2020,0,,
851,Witham Town FC,M,,2017-2018,2019-2020,0,,
852,Witton Albion FC,M,,2017-2018,2019-2020,0,,
853,Wivenhoe Town FC,M,,2017-2018,2018-2019,0,,
854,Wodson Park FC,M,,2018-2019,2018-2019,0,,
855,Woking FC,M,National League,2006-2007,2019-2020,10,0,
856,Wolverhampton Casuals FC,M,,2017-2018,2019-2020,0,,
857,Wolverhampton Sporting C.F.C.,M,,2017-2018,2019-2020,0,,Wolverhampton Sporting Community FC
858,Wolverhampton Wanderers FC,M,Premier League,2001-2002,2019-2020,19,3,
859,Wolverhampton Wanderers FC U23,M,Premier League 2 — Division 1,2016-2017,2019-2020,4,1,
860,Woodbridge Town FC,M,,2017-2018,2019-2020,0,,
861,Woodford Town FC,M,,2019-2020,2019-2020,0,,Woodford Town 2017 FC
862,Woodley Town FC,M,,2017-2018,2018-2019,0,,Woodley United FC
863,Wootton Bassett Town FC,M,,2017-2018,2019-2020,0,,Royal 
864,Worcester City FC,M,,2014-2015,2019-2020,0,0,
865,Workington AFC,M,,2017-2018,2019-2020,0,,
866,Worksop Town FC,M,,2017-2018,2019-2020,0,,
867,Worthing FC,M,,2017-2018,2019-2020,0,,
868,Worthing United FC,M,,2017-2018,2018-2019,0,,
869,Wrexham FC,M,National League,2002-2003,2019-2020,18,0,Wrexham AFC
870,Wroxham FC,M,,2017-2018,2019-2020,0,,
871,Wycombe Wanderers FC,M,EFL League One,2002-2003,2019-2020,18,0,
872,Yate Town FC,M,,2017-2018,2019-2020,0,,
873,Yaxley FC,M,,2017-2018,2019-2020,0,,
874,Yeovil Town FC,M,National League,2003-2004,2019-2020,17,1,
875,Yeovil Town LFC,F,,2017,2018-2019,3,,
876,York City FC,M,,2002-2003,2019-2020,13,0,
877,Yorkshire Amateur AFC,M,,2019-2020,2019-2020,0,,
