,Unnamed: 0,Url_logo,Name,League,Overall_rating,Attack,Mid,Defense,Defensive_style,Offensive_style,Captain,SFK,LFK,LSFK,RSFK,PEN,Left_corner,Right_corner,XI_average_age,Team_average_age,Transfert_budget,Home_stadium,Rival_team,url_fbref,url_current_fbref,team_gender,from,to,comps,champs,other_names,logo
0,0,https://cdn.sofifa.com/teams/9/light_60.png,Liverpool, English Premier League (1),85,87,83,85,Press After Possession Loss,Balanced,J. Henderson,T. Alexander-Arnold,T. Alexander-Arnold,T. Alexander-Arnold,T. Alexander-Arnold,M. Salah,T. Alexander-Arnold,T. Alexander-Arnold,25.73,24.39,Euros-103M,Anfield,Manchester United,https://fbref.com/en/squads/822bd0ba/history/Liverpool-Stats,https://fbref.com/en/squads/822bd0ba/Liverpool-Stat,M,1992-1993,2019-2020,28,0,,https://d2p3bygnnzw9w3.cloudfront.net/req/202004233/tlogo/fb/822bd0ba.png
1,1,https://cdn.sofifa.com/teams/10/light_60.png,Manchester City, English Premier League (1),85,87,86,83,Press After Possession Loss,Possession,David Silva,K. De Bruyne,K. De Bruyne,K. De Bruyne,K. De Bruyne,S. Agüero,David Silva,K. De Bruyne,27.45,24.3,Euros-176M,Etihad Stadium,Manchester United,https://fbref.com/en/squads/b8fd03ef/history/Manchester-City-Stats,https://fbref.com/en/squads/b8fd03ef/Manchester-City-Stat,M,1992-1993,2019-2020,24,5,,https://d2p3bygnnzw9w3.cloudfront.net/req/202004233/tlogo/fb/b8fd03ef.png
2,2,https://cdn.sofifa.com/teams/18/light_60.png,Tottenham Hotspur, English Premier League (1),82,85,82,82,Balanced,Balanced,H. Lloris,G. Lo Celso,G. Lo Celso,G. Lo Celso,G. Lo Celso,E. Lamela,G. Lo Celso,G. Lo Celso,25.45,23.0,Euros-76M,Tottenham Hotspur Stadium,Arsenal,https://fbref.com/en/squads/361ca564/history/Tottenham-Hotspur-Stats,https://fbref.com/en/squads/361ca564/Tottenham-Hotspur-Stat,M,1992-1993,2019-2020,28,0,,https://d2p3bygnnzw9w3.cloudfront.net/req/202004233/tlogo/fb/361ca564.png
3,3,https://cdn.sofifa.com/teams/5/light_60.png,Chelsea, English Premier League (1),81,80,84,81,Balanced,Possession,Azpilicueta,Willian,Jorginho,Willian,Willian,Jorginho,Willian,Willian,26.64,23.39,Euros-91M,Stamford Bridge,Arsenal,https://fbref.com/en/squads/cff3d9bb/history/Chelsea-Stats,https://fbref.com/en/squads/cff3d9bb/Chelsea-Stat,M,1992-1993,2019-2020,28,5,,https://d2p3bygnnzw9w3.cloudfront.net/req/202004233/tlogo/fb/cff3d9bb.png
4,4,https://cdn.sofifa.com/teams/11/light_60.png,Manchester United, English Premier League (1),81,83,80,81,Balanced,Balanced,H. Maguire,Bruno Fernandes,Bruno Fernandes,Bruno Fernandes,Bruno Fernandes,Bruno Fernandes,Bruno Fernandes,Fred,23.91,23.27,Euros-177M,Old Trafford,Liverpool,https://fbref.com/en/squads/19538871/history/Manchester-United-Stats,https://fbref.com/en/squads/19538871/Manchester-United-Stat,M,1992-1993,2019-2020,28,13,,https://d2p3bygnnzw9w3.cloudfront.net/req/202004233/tlogo/fb/19538871.png
5,5,https://cdn.sofifa.com/teams/1/light_60.png,Arsenal, English Premier League (1),80,84,82,78,Balanced,Balanced,P. Aubameyang,N. Pépé,N. Pépé,N. Pépé,N. Pépé,P. Aubameyang,N. Pépé,N. Pépé,26.09,23.18,Euros-74M,Emirates Stadium,Tottenham Hotspur,https://fbref.com/en/squads/18bb7c10/history/Arsenal-Stats,https://fbref.com/en/squads/18bb7c10/Arsenal-Stat,M,1992-1993,2019-2020,28,3,,https://d2p3bygnnzw9w3.cloudfront.net/req/202004233/tlogo/fb/18bb7c10.png
6,6,https://cdn.sofifa.com/teams/95/light_60.png,Leicester City, English Premier League (1),79,80,79,79,Balanced,Balanced,K. Schmeichel,J. Maddison,J. Maddison,J. Maddison,J. Maddison,J. Vardy,J. Maddison,J. Maddison,25.18,24.45,Euros-45M,King Power Stadium,Nottingham Forest,https://fbref.com/en/squads/a2d435b3/history/Leicester-City-Stats,https://fbref.com/en/squads/a2d435b3/Leicester-City-Stat,M,1994-1995,2019-2020,25,3,,https://d2p3bygnnzw9w3.cloudfront.net/req/202004233/tlogo/fb/a2d435b3.png
7,7,https://cdn.sofifa.com/teams/7/light_60.png,Everton, English Premier League (1),78,80,78,79,Balanced,Balanced,G. Sigurðsson,G. Sigurðsson,G. Sigurðsson,G. Sigurðsson,L. Digne,G. Sigurðsson,L. Digne,G. Sigurðsson,24.82,23.94,Euros-51M,Goodison Park,Liverpool,https://fbref.com/en/squads/d3fd31cc/history/Everton-Stats,https://fbref.com/en/squads/d3fd31cc/Everton-Stat,M,1992-1993,2019-2020,28,0,,https://d2p3bygnnzw9w3.cloudfront.net/req/202004233/tlogo/fb/d3fd31cc.png
8,8,https://cdn.sofifa.com/teams/19/light_60.png,West Ham United, English Premier League (1),78,82,78,73,Balanced,Balanced,M. Noble,A. Cresswell,M. Noble,A. Cresswell,A. Cresswell,M. Noble,A. Cresswell,A. Cresswell,25.91,25.36,Euros-51.5M,London Stadium,Millwall,https://fbref.com/en/squads/7c21e445/history/West-Ham-United-Stats,https://fbref.com/en/squads/7c21e445/West-Ham-United-Stat,M,1993-1994,2019-2020,27,0,,https://d2p3bygnnzw9w3.cloudfront.net/req/202004233/tlogo/fb/7c21e445.png
9,9,https://cdn.sofifa.com/teams/110/light_60.png,Wolverhampton Wanderers, English Premier League (1),78,79,79,78,Balanced,Balanced,C. Coady,Rúben Neves,João Moutinho,Rúben Neves,Rúben Neves,R. Jiménez,João Moutinho,João Moutinho,26.64,22.52,Euros-42M,Molineux Stadium,West Bromwich Albion,https://fbref.com/en/squads/8cec06e1/history/Wolverhampton-Wanderers-Stats,https://fbref.com/en/squads/8cec06e1/Wolverhampton-Wanderers-Stat,M,2001-2002,2019-2020,19,3,,https://d2p3bygnnzw9w3.cloudfront.net/req/202004233/tlogo/fb/8cec06e1.png
10,10,https://cdn.sofifa.com/teams/1795/light_60.png,Watford, English Premier League (1),77,76,78,75,Balanced,Long Ball,T. Deeney,Deulofeu,Deulofeu,Deulofeu,Deulofeu,T. Deeney,E. Capoue,E. Capoue,27.64,25.64,Euros-38.5M,Vicarage Road,Luton Town,https://fbref.com/en/squads/2abfe087/history/Watford-Stats,https://fbref.com/en/squads/2abfe087/Watford-Stat,M,1999-2000,2019-2020,20,0,,https://d2p3bygnnzw9w3.cloudfront.net/req/202004233/tlogo/fb/2abfe087.png
11,11,https://cdn.sofifa.com/teams/1799/light_60.png,Crystal Palace, English Premier League (1),77,73,78,76,Balanced,Balanced,L. Milivojević,L. Milivojević,L. Milivojević,L. Milivojević,L. Milivojević,L. Milivojević,L. Milivojević,L. Milivojević,29.18,25.21,Euros-34.5M,Selhurst Park,Brighton & Hove Albion,https://fbref.com/en/squads/47c64c55/history/Crystal-Palace-Stats,https://fbref.com/en/squads/47c64c55/Crystal-Palace-Stat,M,1992-1993,2019-2020,22,0,,https://d2p3bygnnzw9w3.cloudfront.net/req/202004233/tlogo/fb/47c64c55.png
12,12,https://cdn.sofifa.com/teams/13/light_60.png,Newcastle United, English Premier League (1),77,75,78,77,Balanced,Long Ball,J. Lascelles,J. Shelvey,J. Shelvey,J. Shelvey,J. Shelvey,Joelinton,J. Shelvey,J. Shelvey,26.0,25.82,Euros-25.5M,Sports Direct Arena (St James' Park),Sunderland,https://fbref.com/en/squads/b2b47a98/history/Newcastle-United-Stats,https://fbref.com/en/squads/b2b47a98/Newcastle-United-Stat,M,1993-1994,2019-2020,27,2,,https://d2p3bygnnzw9w3.cloudfront.net/req/202004233/tlogo/fb/b2b47a98.png
13,13,https://cdn.sofifa.com/teams/2/light_60.png,Aston Villa, English Premier League (1),76,77,75,75,Balanced,Balanced,J. Grealish,J. Grealish,J. Grealish,J. Grealish,J. Grealish,A. El Ghazi,J. Grealish,M. Targett,25.09,24.36,Euros-37.5M,Villa Park,West Bromwich Albion,https://fbref.com/en/squads/8602292d/history/Aston-Villa-Stats,https://fbref.com/en/squads/8602292d/Aston-Villa-Stat,M,1992-1993,2019-2020,28,0,,https://d2p3bygnnzw9w3.cloudfront.net/req/202004233/tlogo/fb/8602292d.png
14,14,https://cdn.sofifa.com/teams/1796/light_60.png,Burnley, English Premier League (1),76,77,76,76,Balanced,Long Ball,B. Mee,A. Westwood,A. Westwood,D. McNeil,A. Westwood,A. Barnes,A. Westwood,D. McNeil,27.45,25.72,Euros-25M,Turf Moor,Blackburn Rovers,https://fbref.com/en/squads/943e8050/history/Burnley-Stats,https://fbref.com/en/squads/943e8050/Burnley-Stat,M,2001-2002,2019-2020,19,1,,https://d2p3bygnnzw9w3.cloudfront.net/req/202004233/tlogo/fb/943e8050.png
15,15,https://cdn.sofifa.com/teams/1808/light_60.png,Brighton & Hove Albion, English Premier League (1),76,75,76,76,Balanced,Possession,L. Dunk,P. Groß,P. Groß,P. Groß,P. Groß,P. Groß,P. Groß,P. Groß,26.55,24.3,Euros-32M,The Amex Stadium,Crystal Palace,https://fbref.com/en/squads/d07537b9/history/Brighton--Hove-Albion-Stats,https://fbref.com/en/squads/d07537b9/Brighton--Hove-Albion-Stat,M,2002-2003,2019-2020,18,1,,https://d2p3bygnnzw9w3.cloudfront.net/req/202004233/tlogo/fb/d07537b9.png
16,16,https://cdn.sofifa.com/teams/17/light_60.png,Southampton, English Premier League (1),76,76,76,76,Balanced,Balanced,P. Højbjerg,J. Ward-Prowse,J. Ward-Prowse,J. Ward-Prowse,J. Ward-Prowse,J. Ward-Prowse,J. Ward-Prowse,J. Ward-Prowse,25.91,22.52,Euros-35M,St Mary's Stadium,Portsmouth,https://fbref.com/en/squads/33c895d4/history/Southampton-Stats,https://fbref.com/en/squads/33c895d4/Southampton-Stat,M,1992-1993,2019-2020,28,0,,https://d2p3bygnnzw9w3.cloudfront.net/req/202004233/tlogo/fb/33c895d4.png
17,18,https://cdn.sofifa.com/teams/1794/light_60.png,Sheffield United, English Premier League (1),75,73,77,75,Balanced,Long Ball,B. Sharp,O. Norwood,O. Norwood,O. Norwood,O. Norwood,O. Norwood,O. Norwood,J. Fleck,26.27,25.27,Euros-18M,Bramall Lane,Sheffield Wednesday,https://fbref.com/en/squads/1df6b87e/history/Sheffield-United-Stats,https://fbref.com/en/squads/1df6b87e/Sheffield-United-Stat,M,1992-1993,2019-2020,21,1,,https://d2p3bygnnzw9w3.cloudfront.net/req/202004233/tlogo/fb/1df6b87e.png
18,19,https://cdn.sofifa.com/teams/1792/light_60.png,Norwich City, English Premier League (1),74,75,74,72,Balanced,Balanced,G. Hanley,E. Buendía,K. McLean,E. Buendía,E. Buendía,T. Pukki,E. Buendía,E. Buendía,25.36,23.48,Euros-25M,Carrow Road,Ipswich Town,https://fbref.com/en/squads/1c781004/history/Norwich-City-Stats,https://fbref.com/en/squads/1c781004/Norwich-City-Stat,M,1992-1993,2019-2020,22,3,,https://d2p3bygnnzw9w3.cloudfront.net/req/202004233/tlogo/fb/1c781004.png
19,20,https://cdn.sofifa.com/teams/8/light_60.png,Leeds United, English League Championship (2),73,73,74,73,Press After Possession Loss,Balanced,L. Cooper,Pablo Hernández,Pablo Hernández,Pablo Hernández,Pablo Hernández,P. Bamford,K. Phillips,J. Harrison,25.45,23.13,Euros-17M,Eastpoint Arena (Football Ground),Huddersfield Town,https://fbref.com/en/squads/5bfb9659/history/Leeds-United-Stats,https://fbref.com/en/squads/5bfb9659/Leeds-United-Stat,M,1992-1993,2019-2020,28,0,,https://d2p3bygnnzw9w3.cloudfront.net/req/202004233/tlogo/fb/5bfb9659.png
20,21,https://cdn.sofifa.com/teams/109/light_60.png,West Bromwich Albion, English League Championship (2),73,72,74,71,Balanced,Balanced,J. Livermore,Matheus Pereira,Matheus Pereira,Matheus Pereira,Matheus Pereira,Matheus Pereira,F. Krovinović,Matheus Pereira,25.55,25.97,Euros-18M,The Hawthorns,Wolverhampton Wanderers,https://fbref.com/en/squads/60c6b05f/history/West-Bromwich-Albion-Stats,https://fbref.com/en/squads/60c6b05f/West-Bromwich-Albion-Stat,M,2001-2002,2019-2020,19,1,,https://d2p3bygnnzw9w3.cloudfront.net/req/202004233/tlogo/fb/60c6b05f.png
21,22,https://cdn.sofifa.com/teams/144/light_60.png,Fulham, English League Championship (2),73,75,73,71,Balanced,Balanced,T. Cairney,T. Cairney,T. Cairney,T. Cairney,T. Cairney,A. Mitrović,Ivan Cavaleiro,J. Bryan,26.73,24.8,Euros-18.5M,Craven Cottage,Queens Park Rangers,https://fbref.com/en/squads/fd962109/history/Fulham-Stats,https://fbref.com/en/squads/fd962109/Fulham-Stat,M,2001-2002,2019-2020,19,0,,https://d2p3bygnnzw9w3.cloudfront.net/req/202004233/tlogo/fb/fd962109.png
22,23,https://cdn.sofifa.com/teams/14/light_60.png,Nottingham Forest, English League Championship (2),72,73,72,72,Drop Back,Fast Build Up,B. Watson,J. Lolley,J. Lolley,J. Lolley,J. Lolley,L. Grabban,Tiago Silva,J. Lolley,26.18,25.13,Euros-13M,Forest Park Stadium (Square Ground),Derby County,https://fbref.com/en/squads/e4a775cb/history/Nottingham-Forest-Stats,https://fbref.com/en/squads/e4a775cb/Nottingham-Forest-Stat,M,1992-1993,2019-2020,24,0,,https://d2p3bygnnzw9w3.cloudfront.net/req/202004233/tlogo/fb/e4a775cb.png
23,24,https://cdn.sofifa.com/teams/1925/light_60.png,Brentford, English League Championship (2),72,73,71,72,Pressure On Heavy Touch,Balanced,P. Jansson,S. Benrahma,S. Benrahma,S. Benrahma,S. Benrahma,S. Benrahma,S. Benrahma,S. Benrahma,23.64,22.6,Euros-8M,Court Lane,Queens Park Rangers,https://fbref.com/en/squads/cd051869/history/Brentford-Stats,https://fbref.com/en/squads/cd051869/Brentford-Stat,M,2002-2003,2019-2020,18,1,,https://d2p3bygnnzw9w3.cloudfront.net/req/202004233/tlogo/fb/cd051869.png
24,25,https://cdn.sofifa.com/teams/1961/light_60.png,Cardiff City, English League Championship (2),72,71,71,71,Balanced,Long Ball,S. Morrison,M. Pack,M. Pack,M. Pack,M. Pack,R. Glatzel,M. Pack,M. Pack,27.0,26.17,Euros-12M,Cardiff City Stadium,Swansea City,https://fbref.com/en/squads/75fae011/history/Cardiff-City-Stats,https://fbref.com/en/squads/75fae011/Cardiff-City-Stat,M,2002-2003,2019-2020,18,1,,https://d2p3bygnnzw9w3.cloudfront.net/req/202004233/tlogo/fb/75fae011.png
25,26,https://cdn.sofifa.com/teams/1801/light_60.png,Preston North End, English League Championship (2),71,70,71,71,Press After Possession Loss,Long Ball,A. Browne,D. Johnson,D. Johnson,D. Johnson,D. Johnson,D. Johnson,A. Browne,D. Johnson,25.09,24.9,Euros-3.5M,Ivy Lane,Blackpool,https://fbref.com/en/squads/22df8478/history/Preston-North-End-Stats,https://fbref.com/en/squads/22df8478/Preston-North-End-Stat,M,2001-2002,2019-2020,19,0,,https://d2p3bygnnzw9w3.cloudfront.net/req/202004233/tlogo/fb/22df8478.png
26,27,https://cdn.sofifa.com/teams/1806/light_60.png,Stoke City, English League Championship (2),71,69,71,71,Pressure On Heavy Touch,Balanced,D. Batth,S. Clucas,J. McClean,N. Powell,S. Clucas,T. Campbell,J. McClean,J. McClean,26.55,25.2,Euros-18.5M,Britannia Stadium,Port Vale,https://fbref.com/en/squads/17892952/history/Stoke-City-Stats,https://fbref.com/en/squads/17892952/Stoke-City-Stat,M,2002-2003,2019-2020,18,0,,https://d2p3bygnnzw9w3.cloudfront.net/req/202004233/tlogo/fb/17892952.png
27,28,https://cdn.sofifa.com/teams/1807/light_60.png,Sheffield Wednesday, English League Championship (2),71,71,71,69,Balanced,Balanced,T. Lees,B. Bannan,B. Bannan,B. Bannan,B. Bannan,B. Bannan,B. Bannan,B. Bannan,26.82,26.1,Euros-6M,Forest Park Stadium (Square Ground),Sheffield United,https://fbref.com/en/squads/bba7d733/history/Sheffield-Wednesday-Stats,https://fbref.com/en/squads/bba7d733/Sheffield-Wednesday-Stat,M,1992-1993,2019-2020,27,0,,https://d2p3bygnnzw9w3.cloudfront.net/req/202004233/tlogo/fb/bba7d733.png
28,29,https://cdn.sofifa.com/teams/91/light_60.png,Derby County, English League Championship (2),71,71,71,71,Pressure On Heavy Touch,Balanced,C. Davies,T. Lawrence,T. Lawrence,T. Lawrence,T. Lawrence,M. Waghorn,T. Lawrence,T. Lawrence,25.64,24.57,Euros-9M,Molton Road (Sheldon Stadium),Nottingham Forest,https://fbref.com/en/squads/26ab47ee/history/Derby-County-Stats,https://fbref.com/en/squads/26ab47ee/Derby-County-Stat,M,1996-1997,2019-2020,24,0,,https://d2p3bygnnzw9w3.cloudfront.net/req/202004233/tlogo/fb/26ab47ee.png
29,30,https://cdn.sofifa.com/teams/1919/light_60.png,Bristol City, English League Championship (2),71,72,71,71,Balanced,Balanced,K. Smith,N. Eliasson,N. Eliasson,N. Wells,N. Eliasson,F. Diedhiou,N. Eliasson,N. Eliasson,26.91,25.07,Euros-10M,Court Lane,Bristol Rovers,https://fbref.com/en/squads/93493607/history/Bristol-City-Stats,https://fbref.com/en/squads/93493607/Bristol-City-Stat,M,2002-2003,2019-2020,18,1,,https://d2p3bygnnzw9w3.cloudfront.net/req/202004233/tlogo/fb/93493607.png
30,31,https://cdn.sofifa.com/teams/1793/light_60.png,Reading, English League Championship (2),70,70,71,70,Balanced,Balanced,L. Moore,J. Swift,J. Swift,J. Swift,J. Swift,J. Swift,J. Swift,J. Swift,24.82,24.7,Euros-8.5M,Molton Road (Sheldon Stadium),Swindon Town,https://fbref.com/en/squads/b0ac61ff/history/Reading-Stats,https://fbref.com/en/squads/b0ac61ff/Reading-Stat,M,2002-2003,2019-2020,18,2,,https://d2p3bygnnzw9w3.cloudfront.net/req/202004233/tlogo/fb/b0ac61ff.png
31,32,https://cdn.sofifa.com/teams/3/light_60.png,Blackburn Rovers, English League Championship (2),70,73,70,70,Pressure On Heavy Touch,Balanced,D. Lenihan,S. Downing,S. Downing,S. Downing,S. Downing,A. Armstrong,S. Downing,S. Downing,24.64,24.53,Euros-5.5M,Ivy Lane,Burnley,https://fbref.com/en/squads/e090f40b/history/Blackburn-Rovers-Stats,https://fbref.com/en/squads/e090f40b/Blackburn-Rovers-Stat,M,1992-1993,2019-2020,26,1,,https://d2p3bygnnzw9w3.cloudfront.net/req/202004233/tlogo/fb/e090f40b.png
32,33,https://cdn.sofifa.com/teams/12/light_60.png,Middlesbrough, English League Championship (2),70,70,71,70,Drop Back,Balanced,J. Howson,L. Wing,P. McNair,L. Wing,L. Wing,P. McNair,P. McNair,P. McNair,25.09,23.5,Euros-15M,Riverside Stadium,Newcastle United,https://fbref.com/en/squads/7f59c601/history/Middlesbrough-Stats,https://fbref.com/en/squads/7f59c601/Middlesbrough-Stat,M,1992-1993,2019-2020,25,0,,https://d2p3bygnnzw9w3.cloudfront.net/req/202004233/tlogo/fb/7f59c601.png
33,34,https://cdn.sofifa.com/teams/88/light_60.png,Birmingham City, English League Championship (2),70,71,71,71,Balanced,Balanced,H. Dean,J. Bela,D. Crowley,J. Bela,J. Bela,L. Jutkiewicz,D. Crowley,D. Crowley,26.64,24.43,Euros-4M,Stade Municipal,Aston Villa,https://fbref.com/en/squads/ec79b7c2/history/Birmingham-City-Stats,https://fbref.com/en/squads/ec79b7c2/Birmingham-City-Stat,M,2001-2002,2019-2020,19,0,,https://d2p3bygnnzw9w3.cloudfront.net/req/202004233/tlogo/fb/ec79b7c2.png
34,35,https://cdn.sofifa.com/teams/97/light_60.png,Millwall, English League Championship (2),70,69,69,70,Balanced,Balanced,S. Hutchinson,J. Wallace,J. Wallace,J. Wallace,J. Wallace,J. Wallace,J. Wallace,J. Wallace,25.36,24.53,Euros-3M,Ivy Lane,West Ham United,https://fbref.com/en/squads/e3c537a1/history/Millwall-Stats,https://fbref.com/en/squads/e3c537a1/Millwall-Stat,M,2001-2002,2019-2020,19,0,,https://d2p3bygnnzw9w3.cloudfront.net/req/202004233/tlogo/fb/e3c537a1.png
35,38,https://cdn.sofifa.com/teams/15/light_60.png,Queens Park Rangers, English League Championship (2),69,71,69,69,Balanced,Balanced,G. Hall,R. Manning,R. Manning,R. Manning,R. Manning,E. Eze,R. Manning,R. Manning,26.55,23.17,Euros-3.5M,Loftus Road,Fulham,https://fbref.com/en/squads/a757999c/history/Queens-Park-Rangers-Stats,https://fbref.com/en/squads/a757999c/Queens-Park-Rangers-Stat,M,1992-1993,2019-2020,22,1,,https://d2p3bygnnzw9w3.cloudfront.net/req/202004233/tlogo/fb/a757999c.png
36,39,https://cdn.sofifa.com/teams/89/light_60.png,Charlton Athletic, English League Championship (2),69,68,69,67,Balanced,Balanced,J. Pearce,L. Taylor,J. Cullen,L. Taylor,L. Taylor,L. Taylor,J. Cullen,E. Oztumer,26.36,24.73,Euros-3M,Forest Park Stadium (Square Ground),Millwall,https://fbref.com/en/squads/7a8db6d4/history/Charlton-Athletic-Stats,https://fbref.com/en/squads/7a8db6d4/Charlton-Athletic-Stat,M,1998-1999,2019-2020,21,1,,https://d2p3bygnnzw9w3.cloudfront.net/req/202004233/tlogo/fb/7a8db6d4.png
37,40,https://cdn.sofifa.com/teams/1917/light_60.png,Wigan Athletic, English League Championship (2),69,69,68,69,Balanced,Long Ball,S. Morsy,G. Roberts,G. Roberts,G. Roberts,G. Roberts,K. Moore,G. Roberts,J. Williams,26.82,24.83,Euros-4.5M,Ivy Lane,Bolton Wanderers,https://fbref.com/en/squads/e59ddc76/history/Wigan-Athletic-Stats,https://fbref.com/en/squads/e59ddc76/Wigan-Athletic-Stat,M,2002-2003,2019-2020,18,3,,https://d2p3bygnnzw9w3.cloudfront.net/req/202004233/tlogo/fb/e59ddc76.png
38,41,https://cdn.sofifa.com/teams/1923/light_60.png,Luton Town, English League Championship (2),68,69,68,67,Balanced,Balanced,S. Bradley,I. Brown,I. Brown,I. Brown,I. Brown,J. Collins,I. Brown,I. Brown,24.82,25.17,Euros-2M,Court Lane,Watford,https://fbref.com/en/squads/e297cd13/history/Luton-Town-Stats,https://fbref.com/en/squads/e297cd13/Luton-Town-Stat,M,2002-2003,2019-2020,18,3,,https://d2p3bygnnzw9w3.cloudfront.net/req/202004233/tlogo/fb/e297cd13.png
39,44,https://cdn.sofifa.com/teams/1932/light_60.png,Barnsley, English League Championship (2),67,67,68,66,Pressure On Heavy Touch,Balanced,A. Mowatt,A. Mowatt,A. Mowatt,A. Mowatt,A. Mowatt,C. Woodrow,A. Mowatt,A. Mowatt,22.27,21.53,Euros-3M,Ivy Lane,Sheffield United,https://fbref.com/en/squads/293cb36b/history/Barnsley-Stats,https://fbref.com/en/squads/293cb36b/Barnsley-Stat,M,1997-1998,2019-2020,20,0,,https://d2p3bygnnzw9w3.cloudfront.net/req/202004233/tlogo/fb/293cb36b.png
40,45,https://cdn.sofifa.com/teams/1797/light_60.png,Rotherham United, English League One (3),66,66,65,66,Balanced,Long Ball,R. Wood,D. Barlaser,D. Barlaser,D. Barlaser,D. Barlaser,M. Smith,D. Barlaser,D. Barlaser,25.0,24.96,Euros-1.8M,Molton Road (Sheldon Stadium),Sheffield Wednesday,https://fbref.com/en/squads/375d66f1/history/Rotherham-United-Stats,https://fbref.com/en/squads/375d66f1/Rotherham-United-Stat,M,2001-2002,2019-2020,19,0,,https://d2p3bygnnzw9w3.cloudfront.net/req/202004233/tlogo/fb/375d66f1.png
41,46,https://cdn.sofifa.com/teams/94/light_60.png,Ipswich Town, English League One (3),66,67,66,65,Balanced,Balanced,L. Chambers,G. Edwards,G. Edwards,G. Edwards,G. Edwards,J. Norwood,G. Edwards,L. Garbutt,27.18,24.39,Euros-2.8M,Ivy Lane,Norwich City,https://fbref.com/en/squads/b74092de/history/Ipswich-Town-Stats,https://fbref.com/en/squads/b74092de/Ipswich-Town-Stat,M,1992-1993,2019-2020,23,0,,https://d2p3bygnnzw9w3.cloudfront.net/req/202004233/tlogo/fb/b74092de.png
42,47,https://cdn.sofifa.com/teams/112260/light_60.png,Fleetwood Town, English League One (3),66,67,66,64,Press After Possession Loss,Balanced,P. Coutts,D. Andrew,P. Coutts,D. Andrew,D. Andrew,P. Madden,P. Coutts,P. Coutts,25.27,23.79,Euros-750K,Crown Lane,Blackpool,https://fbref.com/en/squads/d6a369a2/history/Fleetwood-Town-Stats,https://fbref.com/en/squads/d6a369a2/Fleetwood-Town-Stat,M,2010-2011,2019-2020,10,1,,https://d2p3bygnnzw9w3.cloudfront.net/req/202004233/tlogo/fb/d6a369a2.png
43,48,https://cdn.sofifa.com/teams/1926/light_60.png,Blackpool, English League One (3),66,66,65,64,Drop Back,Balanced,B. Heneghan,K. Dewsbury-Hall,K. Dewsbury-Hall,K. Dewsbury-Hall,K. Dewsbury-Hall,A. Gnanduillet,C. Ronan,K. Dewsbury-Hall,24.64,24.07,Euros-750K,Molton Road (Sheldon Stadium),Preston North End,https://fbref.com/en/squads/7cbf5cb4/history/Blackpool-Stats,https://fbref.com/en/squads/7cbf5cb4/Blackpool-Stat,M,2002-2003,2019-2020,18,0,,https://d2p3bygnnzw9w3.cloudfront.net/req/202004233/tlogo/fb/7cbf5cb4.png
44,49,https://cdn.sofifa.com/teams/1938/light_60.png,Peterborough United, English League One (3),66,68,66,65,Drop Back,Fast Build Up,M. Beevers,S. Szmodics,S. Szmodics,S. Szmodics,S. Szmodics,I. Toney,S. Szmodics,S. Szmodics,23.91,22.81,Euros-2M,Court Lane,Cambridge United,https://fbref.com/en/squads/d6e6321c/history/Peterborough-United-Stats,https://fbref.com/en/squads/d6e6321c/Peterborough-United-Stat,M,2002-2003,2019-2020,18,0,,https://d2p3bygnnzw9w3.cloudfront.net/req/202004233/tlogo/fb/d6e6321c.png
45,50,https://cdn.sofifa.com/teams/1951/light_60.png,Oxford United, English League One (3),66,65,67,66,Balanced,Balanced,R. Dickie,J. Henry,J. Henry,J. Henry,J. Henry,J. Henry,J. Henry,J. Henry,24.82,23.07,Euros-1M,Court Lane,Swindon Town,https://fbref.com/en/squads/604617a2/history/Oxford-United-Stats,https://fbref.com/en/squads/604617a2/Oxford-United-Stat,M,2002-2003,2019-2020,18,0,,https://d2p3bygnnzw9w3.cloudfront.net/req/202004233/tlogo/fb/604617a2.png
46,51,https://cdn.sofifa.com/teams/1790/light_60.png,Portsmouth, English League One (3),66,67,66,65,Balanced,Balanced,T. Naylor,R. Curtis,R. Curtis,R. Curtis,R. Curtis,J. Marquis,S. Seddon,S. Seddon,24.36,24.0,Euros-2M,Fratton Park,Southampton,https://fbref.com/en/squads/76ffc013/history/Portsmouth-Stats,https://fbref.com/en/squads/76ffc013/Portsmouth-Stat,M,2001-2002,2019-2020,19,2,,https://d2p3bygnnzw9w3.cloudfront.net/req/202004233/tlogo/fb/76ffc013.png
47,52,https://cdn.sofifa.com/teams/4/light_60.png,Bolton Wanderers, English League One (3),65,67,64,64,Balanced,Possession,J. Lowe,J. Emmanuel,E. Hamilton,E. Hamilton,J. Emmanuel,D. Murphy,L. Murphy,E. Hamilton,24.73,23.43,Euros-500K,Sanderson Park (FIFA 13 NEW generic),Wigan Athletic,https://fbref.com/en/squads/445d3104/history/Bolton-Wanderers-Stats,https://fbref.com/en/squads/445d3104/Bolton-Wanderers-Stat,M,1995-1996,2019-2020,21,0,,https://d2p3bygnnzw9w3.cloudfront.net/req/202004233/tlogo/fb/445d3104.png
48,53,https://cdn.sofifa.com/teams/1800/light_60.png,Coventry City, English League One (3),65,65,66,65,Press After Possession Loss,Balanced,L. Kelly,J. Shipley,L. Kelly,L. Walsh,J. Shipley,M. Godden,J. Shipley,J. Shipley,23.91,22.79,Euros-1.3M,Molton Road (Sheldon Stadium),Leicester City,https://fbref.com/en/squads/f7e3dfe9/history/Coventry-City-Stats,https://fbref.com/en/squads/f7e3dfe9/Coventry-City-Stat,M,1992-1993,2019-2020,28,0,,https://d2p3bygnnzw9w3.cloudfront.net/req/202004233/tlogo/fb/f7e3dfe9.png
49,55,https://cdn.sofifa.com/teams/1933/light_60.png,Wycombe Wanderers, English League One (3),65,65,65,65,Pressure On Heavy Touch,Long Ball,M. Bloomfield,J. Jacobson,J. Jacobson,J. Jacobson,J. Jacobson,J. Jacobson,J. Jacobson,J. Jacobson,28.18,25.68,Euros-750K,Court Lane,Colchester United,https://fbref.com/en/squads/43c2583e/history/Wycombe-Wanderers-Stats,https://fbref.com/en/squads/43c2583e/Wycombe-Wanderers-Stat,M,2002-2003,2019-2020,18,0,,https://d2p3bygnnzw9w3.cloudfront.net/req/202004233/tlogo/fb/43c2583e.png
50,56,https://cdn.sofifa.com/teams/142/light_60.png,Doncaster Rovers, English League One (3),65,65,67,64,Pressure On Heavy Touch,Balanced,B. Whiteman,J. Coppinger,B. Sheaf,J. Coppinger,K. Sadlier,B. Whiteman,J. Coppinger,R. James,25.18,22.75,Euros-1.3M,Molton Road (Sheldon Stadium),Rotherham United,https://fbref.com/en/squads/03d10d77/history/Doncaster-Rovers-Stats,https://fbref.com/en/squads/03d10d77/Doncaster-Rovers-Stat,M,2003-2004,2019-2020,17,2,,https://d2p3bygnnzw9w3.cloudfront.net/req/202004233/tlogo/fb/03d10d77.png
51,57,https://cdn.sofifa.com/teams/149/light_60.png,Lincoln City, English League One (3),65,64,66,63,Pressure On Heavy Touch,Balanced,L. Bridcutt,J. Grant,J. Grant,J. Grant,J. Grant,T. Hopper,J. Grant,J. Grant,25.64,23.36,Euros-1.3M,Crown Lane,Grimsby Town,https://fbref.com/en/squads/d76b7bed/history/Lincoln-City-Stats,https://fbref.com/en/squads/d76b7bed/Lincoln-City-Stat,M,2002-2003,2019-2020,18,2,,https://d2p3bygnnzw9w3.cloudfront.net/req/202004233/tlogo/fb/d76b7bed.png
52,58,https://cdn.sofifa.com/teams/1962/light_60.png,Bristol Rovers, English League One (3),65,62,64,63,Balanced,Long Ball,O. Clarke,O. Clarke,T. Craig,O. Clarke,L. Leahy,J. Clarke-Harris,L. Leahy,L. Leahy,26.64,24.79,Euros-750K,Court Lane,Bristol City,https://fbref.com/en/squads/654f3ca6/history/Bristol-Rovers-Stats,https://fbref.com/en/squads/654f3ca6/Bristol-Rovers-Stat,M,2002-2003,2019-2020,18,0,,https://d2p3bygnnzw9w3.cloudfront.net/req/202004233/tlogo/fb/654f3ca6.png
53,59,https://cdn.sofifa.com/teams/1798/light_60.png,Milton Keynes Dons, English League One (3),64,65,64,64,Balanced,Possession,D. Lewington,A. Gilbey,D. Lewington,A. Gilbey,D. Lewington,A. Gilbey,C. McGrandles,D. Lewington,24.91,24.21,Euros-1.5M,Molton Road (Sheldon Stadium),Peterborough United,https://fbref.com/en/squads/fcf5b1e1/history/Milton-Keynes-Dons-Stats,https://fbref.com/en/squads/fcf5b1e1/Milton-Keynes-Dons-Stat,M,2004-2005,2019-2020,16,1,,https://d2p3bygnnzw9w3.cloudfront.net/req/202004233/tlogo/fb/fcf5b1e1.png
54,60,https://cdn.sofifa.com/teams/113926/light_60.png,Salford City, English League Two (4),64,65,66,63,Pressure On Heavy Touch,Long Ball,A. Eastham,M. O'Connor,I. Touray,M. O'Connor,I. Touray,J. Wilson,I. Touray,I. Touray,26.09,24.96,Euros-1.5M,Town Park,Oldham Athletic,https://fbref.com/en/squads/4cefb8c7/history/Salford-City-FC-Stats,https://fbref.com/en/squads/4cefb8c7/Salford-City-FC-Stat,M,2015-2016,2019-2020,2,0,,https://d2p3bygnnzw9w3.cloudfront.net/req/202004233/tlogo/fb/4cefb8c7.png
55,61,https://cdn.sofifa.com/teams/561/light_60.png,Forest Green Rovers, English League Two (4),64,56,63,63,Balanced,Balanced,C. Winchester,C. Winchester,C. Winchester,C. Winchester,C. Winchester,C. Winchester,C. Winchester,C. Winchester,23.82,23.86,Euros-1M,Town Park,Cheltenham Town,https://fbref.com/en/squads/f1eb9593/history/Forest-Green-Rovers-Stats,https://fbref.com/en/squads/f1eb9593/Forest-Green-Rovers-Stat,M,2006-2007,2019-2020,14,0,,https://d2p3bygnnzw9w3.cloudfront.net/req/202004233/tlogo/fb/f1eb9593.png
56,62,https://cdn.sofifa.com/teams/1934/light_60.png,Swindon Town, English League Two (4),64,66,64,64,Balanced,Long Ball,M. Doughty,M. Doughty,L. Isgrove,M. Doughty,M. Doughty,E. Doyle,M. Doughty,M. Doughty,26.73,24.39,Euros-750K,Court Lane,Oxford United,https://fbref.com/en/squads/1b295b25/history/Swindon-Town-Stats,https://fbref.com/en/squads/1b295b25/Swindon-Town-Stat,M,1993-1994,2019-2020,19,1,,https://d2p3bygnnzw9w3.cloudfront.net/req/202004233/tlogo/fb/1b295b25.png
57,63,https://cdn.sofifa.com/teams/1935/light_60.png,Colchester United, English League Two (4),64,64,64,64,Balanced,Balanced,L. Prosser,C. Bramall,C. Bramall,L. Norris,C. Bramall,L. Norris,C. Bramall,C. Bramall,25.82,23.64,Euros-500K,Court Lane,Southend United,https://fbref.com/en/squads/b17b8146/history/Colchester-United-Stats,https://fbref.com/en/squads/b17b8146/Colchester-United-Stat,M,2002-2003,2019-2020,18,0,,https://d2p3bygnnzw9w3.cloudfront.net/req/202004233/tlogo/fb/b17b8146.png
58,65,https://cdn.sofifa.com/teams/15015/light_60.png,Burton Albion, English League One (3),64,65,64,64,Balanced,Balanced,L. Akins,S. Fraser,S. Fraser,S. Fraser,S. Fraser,L. Akins,S. Fraser,S. Fraser,27.0,25.18,Euros-750K,Town Park,Derby County,https://fbref.com/en/squads/b09787c5/history/Burton-Albion-Stats,https://fbref.com/en/squads/b09787c5/Burton-Albion-Stat,M,2006-2007,2019-2020,14,2,,https://d2p3bygnnzw9w3.cloudfront.net/req/202004233/tlogo/fb/b09787c5.png
59,66,https://cdn.sofifa.com/teams/15048/light_60.png,Tranmere Rovers, English League One (3),64,66,64,63,Balanced,Long Ball,S. Davies,K. Morris,L. Ridehalgh,K. Morris,K. Morris,J. Vaughan,L. Ridehalgh,K. Morris,27.36,26.54,Euros-750K,Ivy Lane,Oldham Athletic,https://fbref.com/en/squads/22327064/history/Tranmere-Rovers-Stats,https://fbref.com/en/squads/22327064/Tranmere-Rovers-Stat,M,2002-2003,2019-2020,18,0,,https://d2p3bygnnzw9w3.cloudfront.net/req/202004233/tlogo/fb/22327064.png
60,67,https://cdn.sofifa.com/teams/1802/light_60.png,Gillingham, English League One (3),63,63,63,63,Balanced,Long Ball,M. Ehmer,O. Lee,O. Lee,O. Lee,O. Lee,J. Akinde,O. Lee,O. Lee,25.0,25.14,Euros-1M,Court Lane,Swindon Town,https://fbref.com/en/squads/5f01284a/history/Gillingham-Stats,https://fbref.com/en/squads/5f01284a/Gillingham-Stat,M,2001-2002,2019-2020,19,1,,https://d2p3bygnnzw9w3.cloudfront.net/req/202004233/tlogo/fb/5f01284a.png
61,68,https://cdn.sofifa.com/teams/1803/light_60.png,Walsall, English League Two (4),63,62,63,63,Balanced,Balanced,M. Sadler,R. Holden,D. Guthrie,D. Guthrie,R. Holden,J. Gordon,R. Holden,R. Holden,24.55,22.96,Euros-750K,Court Lane,Shrewsbury,https://fbref.com/en/squads/d96bbc04/history/Walsall-Stats,https://fbref.com/en/squads/d96bbc04/Walsall-Stat,M,2001-2002,2019-2020,19,1,,https://d2p3bygnnzw9w3.cloudfront.net/req/202004233/tlogo/fb/d96bbc04.png
62,70,https://cdn.sofifa.com/teams/112259/light_60.png,AFC Wimbledon, English League One (3),63,64,62,62,Drop Back,Fast Build Up,J. Pigott,L. O'Neill,L. O'Neill,M. Sanders,L. O'Neill,J. Pigott,A. Hartigan,C. Reilly,23.27,22.14,Euros-500K,Town Park,Milton Keynes Dons,https://fbref.com/en/squads/8b9bf22a/history/AFC-Wimbledon-Stats,https://fbref.com/en/squads/8b9bf22a/AFC-Wimbledon-Stat,M,2009-2010,2019-2020,11,0,,https://d2p3bygnnzw9w3.cloudfront.net/req/202004233/tlogo/fb/8b9bf22a.png
63,71,https://cdn.sofifa.com/teams/1928/light_60.png,Port Vale, English League Two (4),63,62,63,63,Balanced,Long Ball,L. Legge,T. Conlon,D. Worrall,T. Conlon,D. Worrall,M. Cullen,T. Conlon,D. Worrall,27.09,24.93,Euros-750K,Court Lane,Stoke City,https://fbref.com/en/squads/62657aa0/history/Port-Vale-Stats,https://fbref.com/en/squads/62657aa0/Port-Vale-Stat,M,2002-2003,2019-2020,18,0,,https://d2p3bygnnzw9w3.cloudfront.net/req/202004233/tlogo/fb/62657aa0.png
64,72,https://cdn.sofifa.com/teams/1929/light_60.png,Plymouth Argyle, English League Two (4),63,61,63,64,Balanced,Balanced,G. Sawyer,G. Cooper,G. Cooper,G. Cooper,G. Cooper,A. Sarcevic,G. Cooper,G. Cooper,25.82,23.84,Euros-1.3M,Molton Road (Sheldon Stadium),Exeter City,https://fbref.com/en/squads/32a1480e/history/Plymouth-Argyle-Stats,https://fbref.com/en/squads/32a1480e/Plymouth-Argyle-Stat,M,2002-2003,2019-2020,18,1,,https://d2p3bygnnzw9w3.cloudfront.net/req/202004233/tlogo/fb/32a1480e.png
65,73,https://cdn.sofifa.com/teams/1930/light_60.png,Northampton Town, English League Two (4),63,62,63,63,Pressure On Heavy Touch,Balanced,C. Goode,C. Lines,C. Lines,C. Lines,C. Lines,S. Hoskins,N. Adams,N. Adams,27.45,24.93,Euros-1M,Court Lane,Peterborough United,https://fbref.com/en/squads/986a26c1/history/Northampton-Town-Stats,https://fbref.com/en/squads/986a26c1/Northampton-Town-Stat,M,2002-2003,2019-2020,18,1,,https://d2p3bygnnzw9w3.cloudfront.net/req/202004233/tlogo/fb/986a26c1.png
66,74,https://cdn.sofifa.com/teams/143/light_60.png,Exeter City, English League Two (4),63,64,63,64,Pressure On Heavy Touch,Balanced,A. Collins,R. Williams,N. Law,N. Law,R. Williams,N. Law,N. Law,R. Williams,25.73,25.65,Euros-750K,Town Park,Plymouth Argyle,https://fbref.com/en/squads/05791fbc/history/Exeter-City-Stats,https://fbref.com/en/squads/05791fbc/Exeter-City-Stat,M,2002-2003,2019-2020,15,0,,https://d2p3bygnnzw9w3.cloudfront.net/req/202004233/tlogo/fb/05791fbc.png
67,75,https://cdn.sofifa.com/teams/1940/light_60.png,Mansfield Town, English League Two (4),63,64,62,63,Pressure On Heavy Touch,Long Ball,K. Pearce,M. Benning,M. Benning,M. Benning,M. Benning,N. Maynard,M. Benning,M. Benning,26.45,23.63,Euros-1.5M,Court Lane,Lincoln City,https://fbref.com/en/squads/13cb8449/history/Mansfield-Town-Stats,https://fbref.com/en/squads/13cb8449/Mansfield-Town-Stat,M,2002-2003,2019-2020,18,1,,https://d2p3bygnnzw9w3.cloudfront.net/req/202004233/tlogo/fb/13cb8449.png
68,76,https://cdn.sofifa.com/teams/1949/light_60.png,Scunthorpe United, English League Two (4),63,62,63,62,Balanced,Long Ball,R. McArdle,K. van Veen,A. Gilliead,K. van Veen,K. van Veen,K. van Veen,K. van Veen,A. Gilliead,25.73,24.07,Euros-1M,Court Lane,Grimsby Town,https://fbref.com/en/squads/3149e189/history/Scunthorpe-United-Stats,https://fbref.com/en/squads/3149e189/Scunthorpe-United-Stat,M,2002-2003,2019-2020,18,1,,https://d2p3bygnnzw9w3.cloudfront.net/req/202004233/tlogo/fb/3149e189.png
69,77,https://cdn.sofifa.com/teams/1954/light_60.png,Southend United, English League One (3),63,63,63,64,Balanced,Balanced,M. Milligan,S. McLaughlin,S. McLaughlin,S. McLaughlin,S. McLaughlin,J. Demetriou,S. McLaughlin,S. McLaughlin,26.45,22.93,Euros-750K,Court Lane,Colchester United,https://fbref.com/en/squads/2b9f86b0/history/Southend-United-Stats,https://fbref.com/en/squads/2b9f86b0/Southend-United-Stat,M,2002-2003,2019-2020,18,1,,https://d2p3bygnnzw9w3.cloudfront.net/req/202004233/tlogo/fb/2b9f86b0.png
70,78,https://cdn.sofifa.com/teams/110313/light_60.png,Accrington Stanley, English League One (3),63,64,63,63,Balanced,Long Ball,S. Conneely,J. Pritchard,J. Pritchard,J. Pritchard,J. Pritchard,C. Bishop,J. Pritchard,J. Pritchard,22.18,23.61,Euros-500K,Town Park,Morecambe,https://fbref.com/en/squads/9172ba36/history/Accrington-Stanley-Stats,https://fbref.com/en/squads/9172ba36/Accrington-Stanley-Stat,M,2006-2007,2019-2020,14,1,,https://d2p3bygnnzw9w3.cloudfront.net/req/202004233/tlogo/fb/9172ba36.png
71,79,https://cdn.sofifa.com/teams/110890/light_60.png,Crawley Town, English League Two (4),62,62,62,61,Balanced,Balanced,D. Bulman,B. Lubala,B. Lubala,B. Lubala,B. Lubala,B. Lubala,B. Lubala,B. Lubala,26.55,24.18,Euros-500K,Town Park,AFC Wimbledon,https://fbref.com/en/squads/0cd8eef2/history/Crawley-Town-Stats,https://fbref.com/en/squads/0cd8eef2/Crawley-Town-Stat,M,2006-2007,2019-2020,14,1,,https://d2p3bygnnzw9w3.cloudfront.net/req/202004233/tlogo/fb/0cd8eef2.png
72,80,https://cdn.sofifa.com/teams/92/light_60.png,Grimsby Town, English League Two (4),62,63,62,61,Balanced,Balanced,J. McKeown,J. Benson,J. Benson,J. Benson,J. Benson,J. Hanson,J. Benson,J. Benson,25.09,24.14,Euros-500K,Town Park,Scunthorpe United,https://fbref.com/en/squads/a18a87d7/history/Grimsby-Town-Stats,https://fbref.com/en/squads/a18a87d7/Grimsby-Town-Stat,M,2001-2002,2019-2020,19,0,,https://d2p3bygnnzw9w3.cloudfront.net/req/202004233/tlogo/fb/a18a87d7.png
73,81,https://cdn.sofifa.com/teams/361/light_60.png,Stevenage, English League Two (4),62,62,59,62,Balanced,Long Ball,P. Digby,C. Carter,C. Carter,C. Carter,C. Carter,J. Cassidy,C. Carter,C. Carter,23.64,25.57,Euros-750K,Town Park,Luton Town,https://fbref.com/en/squads/aca0450a/history/Stevenage-Stats,https://fbref.com/en/squads/aca0450a/Stevenage-Stat,M,2006-2007,2019-2020,14,1,Stevenage Borough FC,https://d2p3bygnnzw9w3.cloudfront.net/req/202004233/tlogo/fb/aca0450a.png
74,82,https://cdn.sofifa.com/teams/121/light_60.png,Crewe Alexandra, English League Two (4),62,63,62,62,Pressure On Heavy Touch,Balanced,P. Ng,H. Pickering,H. Pickering,R. Wintle,H. Pickering,C. Porter,C. Kirk,H. Pickering,24.82,23.79,Euros-500K,Court Lane,Port Vale,https://fbref.com/en/squads/f13a527f/history/Crewe-Alexandra-Stats,https://fbref.com/en/squads/f13a527f/Crewe-Alexandra-Stat,M,2001-2002,2019-2020,19,0,,https://d2p3bygnnzw9w3.cloudfront.net/req/202004233/tlogo/fb/f13a527f.png
75,85,https://cdn.sofifa.com/teams/1936/light_60.png,Cheltenham Town, English League Two (4),62,63,62,63,Balanced,Long Ball,B. Tozer,C. Hussey,C. Hussey,C. Hussey,C. Hussey,C. Thomas,C. Hussey,C. Hussey,25.64,24.11,Euros-500K,Court Lane,Forest Green Rovers,https://fbref.com/en/squads/7c4744f7/history/Cheltenham-Town-Stats,https://fbref.com/en/squads/7c4744f7/Cheltenham-Town-Stat,M,2002-2003,2019-2020,18,1,,https://d2p3bygnnzw9w3.cloudfront.net/req/202004233/tlogo/fb/7c4744f7.png
76,86,https://cdn.sofifa.com/teams/1958/light_60.png,Leyton Orient, English League Two (4),62,61,60,61,Pressure On Heavy Touch,Balanced,J. Wright,J. Maguire-Drew,J. Wright,J. Wright,J. Maguire-Drew,J. Wright,J. Wright,J. Wright,24.64,24.43,Euros-750K,Court Lane,Southend United,https://fbref.com/en/squads/590e9120/history/Leyton-Orient-Stats,https://fbref.com/en/squads/590e9120/Leyton-Orient-Stat,M,2002-2003,2019-2020,18,1,,https://d2p3bygnnzw9w3.cloudfront.net/req/202004233/tlogo/fb/590e9120.png
77,87,https://cdn.sofifa.com/teams/1480/light_60.png,Carlisle United, English League Two (4),62,63,61,61,Balanced,Balanced,A. Collin,N. Thomas,N. Thomas,N. Thomas,N. Thomas,N. Thomas,N. Thomas,N. Thomas,26.0,23.61,Euros-500K,Crown Lane,Preston North End,https://fbref.com/en/squads/120cfbbd/history/Carlisle-United-Stats,https://fbref.com/en/squads/120cfbbd/Carlisle-United-Stat,M,2002-2003,2019-2020,17,1,,https://d2p3bygnnzw9w3.cloudfront.net/req/202004233/tlogo/fb/120cfbbd.png
78,88,https://cdn.sofifa.com/teams/357/light_60.png,Morecambe, English League Two (4),61,61,62,60,Drop Back,Long Ball,S. Lavelle,A. Phillips,A. Phillips,A. Phillips,A. Phillips,C. Stockton,A. Phillips,A. Phillips,25.36,26.04,Euros-500K,Town Park,Accrington Stanley,https://fbref.com/en/squads/6ca73159/history/Morecambe-Stats,https://fbref.com/en/squads/6ca73159/Morecambe-Stat,M,2006-2007,2019-2020,14,0,,https://d2p3bygnnzw9w3.cloudfront.net/req/202004233/tlogo/fb/6ca73159.png
79,89,https://cdn.sofifa.com/teams/1944/light_60.png,Cambridge United, English League Two (4),61,61,61,59,Balanced,Possession,G. Taylor,G. Maris,G. Maris,G. Maris,G. Maris,P. Mullin,G. Maris,G. Maris,23.27,23.48,Euros-500K,Town Park,Peterborough United,https://fbref.com/en/squads/41da1cf3/history/Cambridge-United-Stats,https://fbref.com/en/squads/41da1cf3/Cambridge-United-Stat,M,2002-2003,2019-2020,17,0,,https://d2p3bygnnzw9w3.cloudfront.net/req/202004233/tlogo/fb/41da1cf3.png
80,90,https://cdn.sofifa.com/teams/1959/light_60.png,Macclesfield Town, English League Two (4),61,61,60,61,Drop Back,Long Ball,F. Kelleher,C. Kirby,C. Kirby,C. Kirby,C. Kirby,J. Ironside,C. Kirby,C. Kirby,23.55,24.57,Euros-500K,Town Park,Port Vale,https://fbref.com/en/squads/4792ab67/history/Macclesfield-Town-Stats,https://fbref.com/en/squads/4792ab67/Macclesfield-Town-Stat,M,2002-2003,2019-2020,18,1,,https://d2p3bygnnzw9w3.cloudfront.net/req/202004233/tlogo/fb/4792ab67.png
81,91,https://cdn.sofifa.com/teams/1945/light_60.png,Bury, English League One (3),59,59,59,58,Drop Back,Balanced,B. Curville,M. Drubble,B. Curville,M. Drubble,M. Drubble,M. Drubble,M. Drubble,M. Drubble,23.64,25.3,Euros-500K,Court Lane,Bolton Wanderers,https://fbref.com/en/squads/cbc02110/history/Bury-Stats,https://fbref.com/en/squads/cbc02110/Bury-Stat,M,2002-2003,2019-2020,18,0,,https://d2p3bygnnzw9w3.cloudfront.net/req/202004233/tlogo/fb/cbc02110.png